-- MySQL dump 10.13  Distrib 5.5.43, for debian-linux-gnu (x86_64)
--
-- Host: localhost    Database: betg
-- ------------------------------------------------------
-- Server version	5.5.43-0ubuntu0.14.04.1-log

/*!40101 SET @OLD_CHARACTER_SET_CLIENT=@@CHARACTER_SET_CLIENT */;
/*!40101 SET @OLD_CHARACTER_SET_RESULTS=@@CHARACTER_SET_RESULTS */;
/*!40101 SET @OLD_COLLATION_CONNECTION=@@COLLATION_CONNECTION */;
/*!40101 SET NAMES utf8 */;
/*!40103 SET @OLD_TIME_ZONE=@@TIME_ZONE */;
/*!40103 SET TIME_ZONE='+00:00' */;
/*!40014 SET @OLD_UNIQUE_CHECKS=@@UNIQUE_CHECKS, UNIQUE_CHECKS=0 */;
/*!40014 SET @OLD_FOREIGN_KEY_CHECKS=@@FOREIGN_KEY_CHECKS, FOREIGN_KEY_CHECKS=0 */;
/*!40101 SET @OLD_SQL_MODE=@@SQL_MODE, SQL_MODE='NO_AUTO_VALUE_ON_ZERO' */;
/*!40111 SET @OLD_SQL_NOTES=@@SQL_NOTES, SQL_NOTES=0 */;

--
-- Table structure for table `TGT`
--

DROP TABLE IF EXISTS `TGT`;
/*!40101 SET @saved_cs_client     = @@character_set_client */;
/*!40101 SET character_set_client = utf8 */;
CREATE TABLE `TGT` (
  `id` int(11) NOT NULL AUTO_INCREMENT,
  `iou` varchar(255) DEFAULT NULL,
  `tgt` varchar(255) DEFAULT NULL,
  `timestamp` datetime DEFAULT NULL,
  PRIMARY KEY (`id`),
  KEY `ix_TGT_iou` (`iou`)
) ENGINE=InnoDB DEFAULT CHARSET=utf8;
/*!40101 SET character_set_client = @saved_cs_client */;

--
-- Dumping data for table `TGT`
--

LOCK TABLES `TGT` WRITE;
/*!40000 ALTER TABLE `TGT` DISABLE KEYS */;
/*!40000 ALTER TABLE `TGT` ENABLE KEYS */;
UNLOCK TABLES;

--
-- Table structure for table `alembic_version`
--

DROP TABLE IF EXISTS `alembic_version`;
/*!40101 SET @saved_cs_client     = @@character_set_client */;
/*!40101 SET character_set_client = utf8 */;
CREATE TABLE `alembic_version` (
  `version_num` varchar(32) NOT NULL
) ENGINE=InnoDB DEFAULT CHARSET=utf8;
/*!40101 SET character_set_client = @saved_cs_client */;

--
-- Dumping data for table `alembic_version`
--

LOCK TABLES `alembic_version` WRITE;
/*!40000 ALTER TABLE `alembic_version` DISABLE KEYS */;
INSERT INTO `alembic_version` VALUES ('c60e3b325e86');
/*!40000 ALTER TABLE `alembic_version` ENABLE KEYS */;
UNLOCK TABLES;

--
-- Table structure for table `beta`
--

DROP TABLE IF EXISTS `beta`;
/*!40101 SET @saved_cs_client     = @@character_set_client */;
/*!40101 SET character_set_client = utf8 */;
CREATE TABLE `beta` (
  `id` int(11) NOT NULL AUTO_INCREMENT,
  `email` varchar(128) DEFAULT NULL,
  `name` varchar(128) DEFAULT NULL,
  `gametypes` text,
  `platforms` varchar(128) DEFAULT NULL,
  `console` varchar(128) DEFAULT NULL,
  `create_date` datetime DEFAULT NULL,
  `flags` text,
  `backup` text,
  PRIMARY KEY (`id`)
) ENGINE=InnoDB AUTO_INCREMENT=198 DEFAULT CHARSET=utf8;
/*!40101 SET character_set_client = @saved_cs_client */;

--
-- Dumping data for table `beta`
--

LOCK TABLES `beta` WRITE;
/*!40000 ALTER TABLE `beta` DISABLE KEYS */;
INSERT INTO `beta` VALUES (2,'gdfgdfgdf@gmail.com','Mark','','iOS','Xbox 360',NULL,'{\"0.0 Main Communication Channel\":[\"Email\",\"Playstation Messages\",\"Skype\",\"Tndr Bt\",\"Xbox Messages\"],\"0.1 Have we emailed them saying we are sending them a build?\":[\"Yes\"],\"0.2 Have we added them to Apple beta list?\":[\"Yes\"],\"01. Has user signed up to app?\":[\"Yes\"],\"02. Did they like the app following sign up?\":[\"No\",\"Yes \"],\"Have we added them on Snapchat?\":[\"Yes\"],\"Have we asked user to recommend friends\":[\"Yes\"],\"Have we commented on their instagram\":[\"Yes\"],\"Have we sent personal thank-you from the doug email account?\":[\"Yes\"],\"Have we tweeted to them\":[\"Yes\"],\"Instagram Handle\":[\"Yes\"],\"Snapchat Handle\":[\"_text\"],\"Gamertag\":[\"_text\",\"Will be saved when you leave the field\"],\"Twitter Handle\":[\"_text\",\"\"],\"What usernames have they helped sign up (friends etc)\":[\"_multiline\",\"this is a...\\n...multiline\\nfield.\\n\\nYou can enter multiple lines here.\"]}','{\"Hello World\": [\"MicroMax\", \"Mini Test\", \"micromax\", \"_text\", \"Mini Min\"], \"0.0 Main Communication Channel\": [\"Xbox Messages\", \"Email\", \"Skype\", \"Playstation Messages\", \"Tndr Bt\"], \"Have we asked user to recommend friends\": [\"Yes\"], \"Have we commented on their instagram\": [\"Yes\"], \"Have we added them on Snapchat?\": [\"Yes\"], \"Instagram Handle\": [\"Yes\"], \"0.2 Have we emailed them saying we are sending them a build?\": [\"Yes\"], \"0.1 Have we emailed them saying we are sending them a build?\": [\"Yes\"], \"Snapchat Handle\": [\"Text\", \"_text\"], \"Gamertag\": [\"\", \"text\", \"userr name\", \"Text\", \"_text\", \"userr\", \"Will be saved when you leave the field\"], \"0.02 Have we added them to Apple beta list?\": [\"Yes\"], \"Twitter Handle\": [\"\", \"_text\", \"text here\"], \"0.2 Have we added them to Apple beta list?\": [\"Yes\"], \"Twitter Handle 1\": [\"_text\", \"text here\"], \"What usernames have they helped sign up (friends etc)\": [\"john\\nsmith\\nmark\\nspencer\", \"this is a...\\n...multiline\\nfield.\\n\\nYou can enter multiple lines here.\", \"this is a...\\n...multiline\\nfield.\\n\\nYou can store multiple lines here.\", \"john\\nsmith\\nmark\\nspark\", \"this is a...\\n...multiline\\nfield!\", \"_multiline\", \"Names etc\", \"this is a...\\n...multiline\\nfield\", \"hello\\nworld\", \"hello\\n\\nworld\"], \"Have we sent personal thank-you from the doug email account?\": [\"Yes\"], \"Have we tweeted to them\": [\"Yes\"], \"Has user signed up to app?\": [\"Yes\"], \"Hello World.\": [\"mimimi\", \"_text\"], \"02. Did they like the app following sign up?\": [\"Yes \", \"No\"], \"01. Has user signed up to app?\": [\"Yes\"], \"0.01 Have we added them to Apple beta list?\": [\"Yes\"], \"Main Communication Channel\": [\"Xbox Messages\", \"Email\", \"Skype\", \"Playstation Messages\", \"Tndr Bt\"]}'),(3,'julesle123456789@gmail.com','Jules Witold','','iOS','Xbox One,PS3,PC',NULL,'{\"0.0 Main Communication Channel\":[\"Skype\"],\"0.1 Have we emailed them saying we are sending them a build?\":[\"Yes\"],\"0.2 Have we added them to Apple beta list?\":[\"Yes\"],\"01. Has user signed up to app?\":[\"Yes\"],\"Gamertag\":[\"_text\",\"hello world\"],\"Snapchat Handle\":[\"_text\",\"\"],\"Twitter Handle\":[\"_text\",\"\"],\"What usernames have they helped sign up (friends etc)\":[\"_multiline\",\"\"]}','{\"Has user signed up to app?\": [\"Yes\"], \"What usernames have they helped sign up (friends etc)\": [\"\", \"_multiline\"], \"0.1 Have we emailed them saying we are sending them a build?\": [\"Yes\"], \"Snapchat Handle\": [\"\", \"_text\"], \"Hello World\": [\"minimum\", \"_text\"], \"01. Has user signed up to app?\": [\"Yes\"], \"Twitter Handle\": [\"\", \"_text\"], \"0.2 Have we added them to Apple beta list?\": [\"Yes\"], \"Main Communication Channel\": [\"Email\"], \"Have we asked user to recommend friends\": [\"Yes\"], \"Gamertag\": [\"hello wotld\", \"_text\", \"hello world\"], \"Twitter Handle 1\": [\"\", \"_text\"], \"0.0 Main Communication Channel\": [\"Email\", \"Skype\"]}'),(4,'rokimomi@gmail.com','roki','','iOS','other',NULL,'{\"0.0 Main Communication Channel\":[\"Email\"],\"0.1 Have we emailed them saying we are sending them a build?\":[\"Yes\"],\"0.2 Have we added them to Apple beta list?\":[\"Yes\"],\"01. Has user signed up to app?\":[\"Yes\"],\"Gamertag\":[\"_text\",\"\"],\"Twitter Handle\":[\"_text\",\"\"]}','{\"Twitter Handle\": [\"\", \"_text\"], \"Hello World\": [\"xyz\", \"_text\"], \"01. Has user signed up to app?\": [\"Yes\"], \"0.0 Main Communication Channel\": [\"Email\"], \"0.2 Have we added them to Apple beta list?\": [\"Yes\"], \"0.1 Have we emailed them saying we are sending them a build?\": [\"Yes\"], \"Gamertag\": [\"\", \"_text\"], \"Twitter Handle 1\": [\"\", \"_text\"]}'),(5,'louis.tur@gmail.com','Louis','','Web,iOS','PC',NULL,'{\"Gamertag\":[\"_text\",\"\"],\"Twitter Handle\":[\"_text\",\"\"]}','{\"Twitter Handle\": [\"\", \"_text\"], \"Gamertag\": [\"\", \"_text\"], \"Twitter Handle 1\": [\"\", \"_text\"]}'),(6,'refsdfsdafdsfsda@gmail.com','dsfasdfsadfasdfasd','','iOS','Xbox One',NULL,'{\"0.0 Main Communication Channel\":[\"Email\"],\"0.1 Have we emailed them saying we are sending them a build?\":[\"Yes\"],\"0.2 Have we added them to Apple beta list?\":[\"Yes\"],\"Gamertag\":[\"_text\",\"\"],\"Twitter Handle\":[\"_text\",\"\"]}','{\"Twitter Handle\": [\"\", \"_text\"], \"Twitter Handle 1\": [\"\", \"_text\"], \"0.0 Main Communication Channel\": [\"Email\"], \"0.2 Have we added them to Apple beta list?\": [\"Yes\"], \"0.1 Have we emailed them saying we are sending them a build?\": [\"Yes\"], \"Gamertag\": [\"\", \"_text\"]}'),(7,'marsoft@ya.ru','Semyon Maryasin','AdVenture Capitalist,Contagion,Counter Force,Darkwing Duck,Dino Crisis,Donkey Kong,Minecraft','Web,Android','PC,other',NULL,'{\"Gamertag\":[\"_text\",\"\"],\"Twitter Handle\":[\"_text\",\"\"]}','{\"Twitter Handle\": [\"\", \"_text\"], \"Gamertag\": [\"\", \"_text\"], \"Twitter Handle 1\": [\"\", \"_text\"]}'),(8,'lucasdnd@gmail.com','Lucas','League of Legends','Web,Android','PS3,PC',NULL,'{\"Gamertag\":[\"_text\",\"\"],\"Twitter Handle\":[\"_text\",\"\"]}','{\"Twitter Handle\": [\"\", \"_text\"], \"Gamertag\": [\"\", \"_text\"], \"Twitter Handle 1\": [\"\", \"_text\"]}'),(9,'dev.pdyck@gmail.com','DEV Pdyck','Hearthstone: Heroes of Warcraft','other','other',NULL,'{\"Gamertag\":[\"_text\",\"\"],\"Twitter Handle\":[\"_text\",\"\"]}','{\"Twitter Handle\": [\"\", \"_text\"], \"Gamertag\": [\"\", \"_text\"], \"Twitter Handle 1\": [\"\", \"_text\"]}'),(10,'splugs@gmail.com','Splugs','Hearthstone: Heroes of Warcraft','Web,other','other',NULL,'{\"Gamertag\":[\"_text\",\"\"],\"Twitter Handle\":[\"_text\",\"\"]}','{\"Twitter Handle\": [\"\", \"_text\"], \"Gamertag\": [\"\", \"_text\"], \"Twitter Handle 1\": [\"\", \"_text\"]}'),(11,'avbrazhenko@gmail.com','Avbraz Henko','FIFA 14,FIFA 15','Android','other',NULL,'{\"Gamertag\":[\"_text\",\"\"],\"Twitter Handle\":[\"_text\",\"\"]}','{\"Twitter Handle\": [\"\", \"_text\"], \"Gamertag\": [\"\", \"_text\"], \"Twitter Handle 1\": [\"\", \"_text\"]}'),(12,'bardiajedi@gmail.com','Bard Lajedi','StarCraft: Brood War,StarCraft II,StarCraft II: Heart of the Swarm,StarCraft II: Legacy of the Void,StarCraft II: Wings of Liberty','Android','other',NULL,'{\"Gamertag\":[\"_text\",\"\"],\"Twitter Handle\":[\"_text\",\"\"]}','{\"Twitter Handle\": [\"\", \"_text\"], \"Gamertag\": [\"\", \"_text\"], \"Twitter Handle 1\": [\"\", \"_text\"]}'),(13,'bardiajedi@gmail.com','bardia jedi','StarCraft: Brood War','Android','',NULL,'{\"Gamertag\":[\"_text\",\"\"],\"Twitter Handle\":[\"_text\",\"\"]}','{\"Twitter Handle\": [\"\", \"_text\"], \"Gamertag\": [\"\", \"_text\"], \"Twitter Handle 1\": [\"\", \"_text\"]}'),(14,'noah.m.jorgenson@gmail.com','Noah M. Jorgenson','Hearthstone: Heroes of Warcraft','','',NULL,'{\"Gamertag\":[\"_text\",\"\"],\"Twitter Handle\":[\"_text\",\"\"]}','{\"Twitter Handle\": [\"\", \"_text\"], \"Gamertag\": [\"\", \"_text\"], \"Twitter Handle 1\": [\"\", \"_text\"]}'),(15,'xxshadowwolf97xx@gmail.com','shadow','Minecraft','','',NULL,'{\"Gamertag\":[\"_text\",\"\"],\"Twitter Handle\":[\"_text\",\"\"]}','{\"Twitter Handle\": [\"\", \"_text\"], \"Gamertag\": [\"\", \"_text\"], \"Twitter Handle 1\": [\"\", \"_text\"]}'),(16,'alex256gordon@gmail.com','alex gordon','Destiny','','',NULL,'{\"Gamertag\":[\"_text\",\"\"],\"Twitter Handle\":[\"_text\",\"\"]}','{\"Twitter Handle\": [\"\", \"_text\"], \"Gamertag\": [\"\", \"_text\"], \"Twitter Handle 1\": [\"\", \"_text\"]}'),(17,'tharakzn@gmail.com','thara','Hearthstone: Heroes of Warcraft','','',NULL,'{\"Gamertag\":[\"_text\",\"\"],\"Twitter Handle\":[\"_text\",\"\"]}','{\"Twitter Handle\": [\"\", \"_text\"], \"Gamertag\": [\"\", \"_text\"], \"Twitter Handle 1\": [\"\", \"_text\"]}'),(18,'butcraft@gmail.com','but craft','Destiny','','',NULL,'{\"Gamertag\":[\"_text\",\"\"],\"Twitter Handle\":[\"_text\",\"\"]}','{\"Twitter Handle\": [\"\", \"_text\"], \"Gamertag\": [\"\", \"_text\"], \"Twitter Handle 1\": [\"\", \"_text\"]}'),(19,'paul.mic.bennett@gmail.com','paul mic bennett','StarCraft II','','',NULL,'{\"Gamertag\":[\"_text\",\"\"],\"Twitter Handle\":[\"_text\",\"\"]}','{\"Twitter Handle\": [\"\", \"_text\"], \"Gamertag\": [\"\", \"_text\"], \"Twitter Handle 1\": [\"\", \"_text\"]}'),(20,'jf.sanabria21@gmail.com','Jf sanabria','Destiny','','',NULL,'{\"Gamertag\":[\"_text\",\"\"],\"Twitter Handle\":[\"_text\",\"\"]}','{\"Twitter Handle\": [\"\", \"_text\"], \"Gamertag\": [\"\", \"_text\"], \"Twitter Handle 1\": [\"\", \"_text\"]}'),(21,'BinarMorker@gmail.com','Tim','Destiny','','',NULL,'{\"Gamertag\":[\"_text\",\"\"],\"Twitter Handle\":[\"_text\",\"\"]}','{\"Twitter Handle\": [\"\", \"_text\"], \"Gamertag\": [\"\", \"_text\"], \"Twitter Handle 1\": [\"\", \"_text\"]}'),(22,'georgebvm@gmail.com','George','Final Fantasy','','',NULL,'{\"Gamertag\":[\"_text\",\"\"],\"Twitter Handle\":[\"_text\",\"\"]}','{\"Twitter Handle\": [\"\", \"_text\"], \"Gamertag\": [\"\", \"_text\"], \"Twitter Handle 1\": [\"\", \"_text\"]}'),(23,'jonathan.mccann@liferay.com','Jonathan Mccann','Hearthstone: Heroes of Warcraft','iOS','',NULL,'{\"0.0 Main Communication Channel\":[\"Email\"],\"0.1 Have we emailed them saying we are sending them a build?\":[\"Yes\"],\"0.2 Have we added them to Apple beta list?\":[\"Yes\"],\"Gamertag\":[\"_text\",\"\"],\"Twitter Handle\":[\"_text\",\"\"]}','{\"Twitter Handle\": [\"\", \"_text\"], \"Twitter Handle 1\": [\"\", \"_text\"], \"0.0 Main Communication Channel\": [\"Email\"], \"0.2 Have we added them to Apple beta list?\": [\"Yes\"], \"0.1 Have we emailed them saying we are sending them a build?\": [\"Yes\"], \"Gamertag\": [\"\", \"_text\"]}'),(24,'patrick.hulce@gmail.com','Patrick Hulce','Hearthstone: Heroes of Warcraft','Android','',NULL,'{\"Gamertag\":[\"_text\",\"\"],\"Twitter Handle\":[\"_text\",\"\"]}','{\"Twitter Handle\": [\"\", \"_text\"], \"Gamertag\": [\"\", \"_text\"], \"Twitter Handle 1\": [\"\", \"_text\"]}'),(25,'contact@nullscope.com','contact','Diablo III,Dota 2,Hearthstone: Heroes of Warcraft,Heroes of the Storm,Terraria','Android','',NULL,'{\"Gamertag\":[\"_text\",\"\"],\"Twitter Handle\":[\"_text\",\"\"]}','{\"Twitter Handle\": [\"\", \"_text\"], \"Gamertag\": [\"\", \"_text\"], \"Twitter Handle 1\": [\"\", \"_text\"]}'),(26,'zach@robinpowered.com','zach','','iOS','PC',NULL,'{\"0.0 Main Communication Channel\":[\"Email\"],\"0.1 Have we emailed them saying we are sending them a build?\":[\"Yes\"],\"0.2 Have we added them to Apple beta list?\":[\"Yes\"],\"Gamertag\":[\"_text\",\"\"],\"Twitter Handle\":[\"_text\",\"\"]}','{\"Twitter Handle\": [\"\", \"_text\"], \"Twitter Handle 1\": [\"\", \"_text\"], \"0.0 Main Communication Channel\": [\"Email\"], \"0.2 Have we added them to Apple beta list?\": [\"Yes\"], \"0.1 Have we emailed them saying we are sending them a build?\": [\"Yes\"], \"Gamertag\": [\"\", \"_text\"]}'),(27,'pearsetaggart@gmail.com','Pearse Taggart','Hearthstone: Heroes of Warcraft','iOS','',NULL,'{\"0.0 Main Communication Channel\":[\"Email\"],\"0.1 Have we emailed them saying we are sending them a build?\":[\"Yes\"],\"0.2 Have we added them to Apple beta list?\":[\"Yes\"],\"Gamertag\":[\"_text\",\"\"],\"Twitter Handle\":[\"_text\",\"\"]}','{\"Twitter Handle\": [\"\", \"_text\"], \"Twitter Handle 1\": [\"\", \"_text\"], \"0.0 Main Communication Channel\": [\"Email\"], \"0.2 Have we added them to Apple beta list?\": [\"Yes\"], \"0.1 Have we emailed them saying we are sending them a build?\": [\"Yes\"], \"Gamertag\": [\"\", \"_text\"]}'),(28,'karun.singh17@gmail.com','Karun Sing','FIFA 14,FIFA 15','Android','',NULL,'{\"Gamertag\":[\"_text\",\"\"],\"Twitter Handle\":[\"_text\",\"\"]}','{\"Twitter Handle\": [\"\", \"_text\"], \"Gamertag\": [\"\", \"_text\"], \"Twitter Handle 1\": [\"\", \"_text\"]}'),(29,'yantseytsai@gmail.com','Yant seytsai','League of Legends','iOS','',NULL,'{\"0.0 Main Communication Channel\":[\"Email\"],\"0.1 Have we emailed them saying we are sending them a build?\":[\"Yes\"],\"0.2 Have we added them to Apple beta list?\":[\"Yes\"],\"Gamertag\":[\"_text\",\"\"],\"Twitter Handle\":[\"_text\",\"\"]}','{\"Twitter Handle\": [\"\", \"_text\"], \"Twitter Handle 1\": [\"\", \"_text\"], \"0.0 Main Communication Channel\": [\"Email\"], \"0.2 Have we added them to Apple beta list?\": [\"Yes\"], \"0.1 Have we emailed them saying we are sending them a build?\": [\"Yes\"], \"Gamertag\": [\"\", \"_text\"]}'),(30,'wesley.bowman23@gmail.com','Wesley Bowman','League of Legends','Android','',NULL,'{\"Gamertag\":[\"_text\",\"\"],\"Twitter Handle\":[\"_text\",\"\"]}','{\"Twitter Handle\": [\"\", \"_text\"], \"Gamertag\": [\"\", \"_text\"], \"Twitter Handle 1\": [\"\", \"_text\"]}'),(31,'ht.yu@me.com','ht yu','League of Legends','iOS','',NULL,'{\"0.0 Main Communication Channel\":[\"Email\"],\"0.1 Have we emailed them saying we are sending them a build?\":[\"Yes\"],\"0.2 Have we added them to Apple beta list?\":[\"Yes\"],\"Gamertag\":[\"_text\",\"\"],\"Twitter Handle\":[\"_text\",\"\"]}','{\"Twitter Handle\": [\"\", \"_text\"], \"Twitter Handle 1\": [\"\", \"_text\"], \"0.0 Main Communication Channel\": [\"Email\"], \"0.2 Have we added them to Apple beta list?\": [\"Yes\"], \"0.1 Have we emailed them saying we are sending them a build?\": [\"Yes\"], \"Gamertag\": [\"\", \"_text\"]}'),(32,'rafaelgeraldoneiva@gmail.com','Rafael Gerald Onieva','','','',NULL,'{\"Gamertag\":[\"_text\",\"\"],\"Twitter Handle\":[\"_text\",\"\"]}','{\"Twitter Handle\": [\"\", \"_text\"], \"Gamertag\": [\"\", \"_text\"], \"Twitter Handle 1\": [\"\", \"_text\"]}'),(33,'grammka@gmail.com','Gram mka','Hearthstone: Heroes of Warcraft','','',NULL,'{\"Gamertag\":[\"_text\",\"\"],\"Twitter Handle\":[\"_text\",\"\"]}','{\"Twitter Handle\": [\"\", \"_text\"], \"Gamertag\": [\"\", \"_text\"], \"Twitter Handle 1\": [\"\", \"_text\"]}'),(34,'arthur@sabintsev.com','Arthur Ariel Sabintsev','Hearthstone: Heroes of Warcraft,Warcraft III: The Frozen Throne','iOS','PC','2015-08-05 13:58:50','{\"0.0 Main Communication Channel\":[\"Email\"],\"0.1 Have we emailed them saying we are sending them a build?\":[\"Yes\"],\"0.2 Have we added them to Apple beta list?\":[\"Yes\"],\"Gamertag\":[\"_text\",\"\"],\"Twitter Handle\":[\"_text\",\"\"]}','{\"Twitter Handle\": [\"\", \"_text\"], \"Twitter Handle 1\": [\"\", \"_text\"], \"0.0 Main Communication Channel\": [\"Email\"], \"0.2 Have we added them to Apple beta list?\": [\"Yes\"], \"0.1 Have we emailed them saying we are sending them a build?\": [\"Yes\"], \"Gamertag\": [\"\", \"_text\"]}'),(35,'castellon.david@gmail.com','David Castellón','','Android','PC','2015-08-05 13:59:46','{\"Gamertag\":[\"_text\",\"\"],\"Twitter Handle\":[\"_text\",\"\"]}','{\"Twitter Handle\": [\"\", \"_text\"], \"Gamertag\": [\"\", \"_text\"], \"Twitter Handle 1\": [\"\", \"_text\"]}'),(36,'castellon.david@gmail.com','David Castellón','','','','2015-08-05 14:00:02','{\"Gamertag\":[\"_text\",\"\"],\"Twitter Handle\":[\"_text\",\"\"]}','{\"Twitter Handle\": [\"\", \"_text\"], \"Gamertag\": [\"\", \"_text\"], \"Twitter Handle 1\": [\"\", \"_text\"]}'),(37,'matteovh@ucla.edu','Matteo Heidrich','Hearthstone: Heroes of Warcraft,League of Legends,RuneScape','Android','PC','2015-08-05 14:00:57','{\"Gamertag\":[\"_text\",\"\"],\"Twitter Handle\":[\"_text\",\"\"]}','{\"Twitter Handle\": [\"\", \"_text\"], \"Gamertag\": [\"\", \"_text\"], \"Twitter Handle 1\": [\"\", \"_text\"]}'),(38,'theerikswanson@gmail.com','Erik Swanson','Hearthstone: Heroes of Warcraft','Android','PC','2015-08-05 14:01:58','{\"Gamertag\":[\"_text\",\"\"],\"Twitter Handle\":[\"_text\",\"\"]}','{\"Twitter Handle\": [\"\", \"_text\"], \"Gamertag\": [\"\", \"_text\"], \"Twitter Handle 1\": [\"\", \"_text\"]}'),(39,'jp.araque@cern.ch','JP Araque','Destiny','Android','PC','2015-08-05 14:02:42','{\"Gamertag\":[\"_text\",\"\"],\"Twitter Handle\":[\"_text\",\"\"]}','{\"Twitter Handle\": [\"\", \"_text\"], \"Gamertag\": [\"\", \"_text\"], \"Twitter Handle 1\": [\"\", \"_text\"]}'),(40,'kastentx@gmail.com','Nick Kasten','','Android','PC','2015-08-05 14:03:41','{\"Gamertag\":[\"_text\",\"\"],\"Twitter Handle\":[\"_text\",\"\"]}','{\"Twitter Handle\": [\"\", \"_text\"], \"Gamertag\": [\"\", \"_text\"], \"Twitter Handle 1\": [\"\", \"_text\"]}'),(41,'ianramosc@gmail.com','Ian Ramos','','iOS','other','2015-08-05 14:04:10','{\"0.0 Main Communication Channel\":[\"Email\"],\"0.1 Have we emailed them saying we are sending them a build?\":[\"Yes\"],\"0.2 Have we added them to Apple beta list?\":[\"Yes\"],\"Gamertag\":[\"_text\",\"\"],\"Twitter Handle\":[\"_text\",\"\"]}','{\"Twitter Handle\": [\"\", \"_text\"], \"Twitter Handle 1\": [\"\", \"_text\"], \"0.0 Main Communication Channel\": [\"Email\"], \"0.2 Have we added them to Apple beta list?\": [\"Yes\"], \"0.1 Have we emailed them saying we are sending them a build?\": [\"Yes\"], \"Gamertag\": [\"\", \"_text\"]}'),(42,'simeon.kolev9@gmail.com','Simeon Kolev','','iOS','other','2015-08-05 14:05:09','{\"0.0 Main Communication Channel\":[\"Email\"],\"0.1 Have we emailed them saying we are sending them a build?\":[\"Yes\"],\"0.2 Have we added them to Apple beta list?\":[\"Yes\"],\"Gamertag\":[\"_text\",\"\"],\"Twitter Handle\":[\"_text\",\"\"]}','{\"Twitter Handle\": [\"\", \"_text\"], \"Twitter Handle 1\": [\"\", \"_text\"], \"0.0 Main Communication Channel\": [\"Email\"], \"0.2 Have we added them to Apple beta list?\": [\"Yes\"], \"0.1 Have we emailed them saying we are sending them a build?\": [\"Yes\"], \"Gamertag\": [\"\", \"_text\"]}'),(43,'richard.d.break@gmail.com','Richard Break','','Android','other','2015-08-05 14:05:58','{\"Gamertag\":[\"_text\",\"\"],\"Twitter Handle\":[\"_text\",\"\"]}','{\"Twitter Handle\": [\"\", \"_text\"], \"Gamertag\": [\"\", \"_text\"], \"Twitter Handle 1\": [\"\", \"_text\"]}'),(44,'nebupookins@gmail.com','Nebu Pookins','','Android','other','2015-08-05 14:06:28','{\"Gamertag\":[\"_text\",\"\"],\"Twitter Handle\":[\"_text\",\"\"]}','{\"Twitter Handle\": [\"\", \"_text\"], \"Gamertag\": [\"\", \"_text\"], \"Twitter Handle 1\": [\"\", \"_text\"]}'),(45,'nthomsondev@gmail.com','Nicholas Thomson','','Android','other','2015-08-05 14:07:34','{\"Gamertag\":[\"_text\",\"\"],\"Twitter Handle\":[\"_text\",\"\"]}','{\"Twitter Handle\": [\"\", \"_text\"], \"Gamertag\": [\"\", \"_text\"], \"Twitter Handle 1\": [\"\", \"_text\"]}'),(46,'bruno51615@gmail.com','Bruno Alves','','Android','other','2015-08-05 14:11:20','{\"Gamertag\":[\"_text\",\"\"],\"Twitter Handle\":[\"_text\",\"\"]}','{\"Twitter Handle\": [\"\", \"_text\"], \"Gamertag\": [\"\", \"_text\"], \"Twitter Handle 1\": [\"\", \"_text\"]}'),(47,'antoine.mineau@gmail.com','Antoine Mineau','StarCraft II','iOS','PC','2015-08-05 14:12:31','{\"0.0 Main Communication Channel\":[\"Email\"],\"0.1 Have we emailed them saying we are sending them a build?\":[\"Yes\"],\"0.2 Have we added them to Apple beta list?\":[\"Yes\"],\"Gamertag\":[\"_text\",\"\"],\"Twitter Handle\":[\"_text\",\"\"]}','{\"Twitter Handle\": [\"\", \"_text\"], \"Twitter Handle 1\": [\"\", \"_text\"], \"0.0 Main Communication Channel\": [\"Email\"], \"0.2 Have we added them to Apple beta list?\": [\"Yes\"], \"0.1 Have we emailed them saying we are sending them a build?\": [\"Yes\"], \"Gamertag\": [\"\", \"_text\"]}'),(48,'jamminr@ulyssesmod.net','Ryan','Garry\'s Mod','Android','PC','2015-08-05 14:13:05','{\"Gamertag\":[\"_text\",\"\"],\"Twitter Handle\":[\"_text\",\"\"]}','{\"Twitter Handle\": [\"\", \"_text\"], \"Gamertag\": [\"\", \"_text\"], \"Twitter Handle 1\": [\"\", \"_text\"]}'),(49,'mikroskeem@mikroskeem.eu','Mark Vianomaa','Garry\'s Mod','Android','PC','2015-08-05 14:13:44','{\"Gamertag\":[\"_text\",\"\"],\"Twitter Handle\":[\"_text\",\"\"]}','{\"Twitter Handle\": [\"\", \"_text\"], \"Gamertag\": [\"\", \"_text\"], \"Twitter Handle 1\": [\"\", \"_text\"]}'),(50,'sclingtt@gmail.com','Kai Kang','StarCraft II','Android','PC','2015-08-05 14:14:26','{\"Gamertag\":[\"_text\",\"\"],\"Twitter Handle\":[\"_text\",\"\"]}','{\"Twitter Handle\": [\"\", \"_text\"], \"Gamertag\": [\"\", \"_text\"], \"Twitter Handle 1\": [\"\", \"_text\"]}'),(51,'josh.quintus@gmail.com','Josh Quintus','Destiny','Android','PC','2015-08-05 14:15:03','{\"Gamertag\":[\"_text\",\"\"],\"Twitter Handle\":[\"_text\",\"\"]}','{\"Twitter Handle\": [\"\", \"_text\"], \"Gamertag\": [\"\", \"_text\"], \"Twitter Handle 1\": [\"\", \"_text\"]}'),(52,'ruijing.li@berkeley.edu','Ruijing Li','Hearthstone: Heroes of Warcraft','Android','PC','2015-08-05 14:15:41','{\"Gamertag\":[\"_text\",\"\"],\"Twitter Handle\":[\"_text\",\"\"]}','{\"Twitter Handle\": [\"\", \"_text\"], \"Gamertag\": [\"\", \"_text\"], \"Twitter Handle 1\": [\"\", \"_text\"]}'),(53,'m163876@usna.edu','Anson Liu','Heroes of the Storm,StarCraft II','iOS','PC','2015-08-05 14:16:34','{\"0.0 Main Communication Channel\":[\"Email\"],\"0.1 Have we emailed them saying we are sending them a build?\":[\"Yes\"],\"0.2 Have we added them to Apple beta list?\":[\"Yes\"],\"Gamertag\":[\"_text\",\"\"],\"Twitter Handle\":[\"_text\",\"\"]}','{\"Twitter Handle\": [\"\", \"_text\"], \"Twitter Handle 1\": [\"\", \"_text\"], \"0.0 Main Communication Channel\": [\"Email\"], \"0.2 Have we added them to Apple beta list?\": [\"Yes\"], \"0.1 Have we emailed them saying we are sending them a build?\": [\"Yes\"], \"Gamertag\": [\"\", \"_text\"]}'),(54,'jasonljahn@gmail.com','Jason Jahn','Garry\'s Mod','Android','PC','2015-08-05 14:17:34','{\"Gamertag\":[\"_text\",\"\"],\"Twitter Handle\":[\"_text\",\"\"]}','{\"Twitter Handle\": [\"\", \"_text\"], \"Gamertag\": [\"\", \"_text\"], \"Twitter Handle 1\": [\"\", \"_text\"]}'),(55,'a@kra.vc','Alexander Kravets','StarCraft II','iOS','PC','2015-08-05 14:18:33','{\"0.0 Main Communication Channel\":[\"Email\"],\"0.1 Have we emailed them saying we are sending them a build?\":[\"Yes\"],\"0.2 Have we added them to Apple beta list?\":[\"Yes\"],\"01. Has user signed up to app?\":[\"Yes\"],\"Gamertag\":[\"_text\",\"\"],\"Twitter Handle\":[\"_text\",\"\"]}','{\"Twitter Handle\": [\"\", \"_text\"], \"01. Has user signed up to app?\": [\"Yes\"], \"0.0 Main Communication Channel\": [\"Email\", \"Playstation Messages\"], \"0.2 Have we added them to Apple beta list?\": [\"Yes\"], \"Twitter Handle 1\": [\"\", \"_text\"], \"Gamertag\": [\"\", \"_text\"], \"0.1 Have we emailed them saying we are sending them a build?\": [\"Yes\"]}'),(56,'thogotmail@gmail.com','Tho Nguyen','League of Legends','iOS','PC','2015-08-05 14:20:57','{\"0.0 Main Communication Channel\":[\"Email\"],\"0.1 Have we emailed them saying we are sending them a build?\":[\"Yes\"],\"0.2 Have we added them to Apple beta list?\":[\"Yes\"],\"Gamertag\":[\"_text\",\"\"],\"Twitter Handle\":[\"_text\",\"\"]}','{\"Twitter Handle\": [\"\", \"_text\"], \"Twitter Handle 1\": [\"\", \"_text\"], \"0.0 Main Communication Channel\": [\"Email\"], \"0.2 Have we added them to Apple beta list?\": [\"Yes\"], \"0.1 Have we emailed them saying we are sending them a build?\": [\"Yes\"], \"Gamertag\": [\"\", \"_text\"]}'),(57,'volkanilbeyli@gmail.com','Volkan  Ilbeyli','StarCraft II','Android','PC','2015-08-05 14:21:36','{\"Gamertag\":[\"_text\",\"\"],\"Twitter Handle\":[\"_text\",\"\"]}','{\"Twitter Handle\": [\"\", \"_text\"], \"Gamertag\": [\"\", \"_text\"], \"Twitter Handle 1\": [\"\", \"_text\"]}'),(58,'grammka@gmail.com','Павел Михайлович','Hearthstone: Heroes of Warcraft','iOS','PC','2015-08-05 14:22:15','{\"0.0 Main Communication Channel\":[\"Email\"],\"0.1 Have we emailed them saying we are sending them a build?\":[\"Yes\"],\"0.2 Have we added them to Apple beta list?\":[\"Yes\"],\"Gamertag\":[\"_text\",\"\"],\"Twitter Handle\":[\"_text\",\"\"]}','{\"Twitter Handle\": [\"\", \"_text\"], \"Twitter Handle 1\": [\"\", \"_text\"], \"0.0 Main Communication Channel\": [\"Email\"], \"0.2 Have we added them to Apple beta list?\": [\"Yes\"], \"0.1 Have we emailed them saying we are sending them a build?\": [\"Yes\"], \"Gamertag\": [\"\", \"_text\"]}'),(59,'hemslo.wang@gmail.com','Hemslo Wang','Hearthstone: Heroes of Warcraft','Android','PC','2015-08-05 14:22:49','{\"Gamertag\":[\"_text\",\"\"],\"Twitter Handle\":[\"_text\",\"\"]}','{\"Twitter Handle\": [\"\", \"_text\"], \"Gamertag\": [\"\", \"_text\"], \"Twitter Handle 1\": [\"\", \"_text\"]}'),(60,'marko.kajzer@hotmail.de','Marko Kajzer','Counter-Strike: Global Offensive,League of Legends','Android','PC','2015-08-05 14:23:39','{\"Gamertag\":[\"_text\",\"\"],\"Twitter Handle\":[\"_text\",\"\"]}','{\"Twitter Handle\": [\"\", \"_text\"], \"Gamertag\": [\"\", \"_text\"], \"Twitter Handle 1\": [\"\", \"_text\"]}'),(61,'neilliga@gmail.com','Neil Garcia','StarCraft II','iOS','PC','2015-08-05 14:24:13','{\"0.0 Main Communication Channel\":[\"Email\"],\"0.1 Have we emailed them saying we are sending them a build?\":[\"Yes\"],\"0.2 Have we added them to Apple beta list?\":[\"Yes\"],\"Gamertag\":[\"_text\",\"\"],\"Twitter Handle\":[\"_text\",\"\"]}','{\"Twitter Handle\": [\"\", \"_text\"], \"Twitter Handle 1\": [\"\", \"_text\"], \"0.0 Main Communication Channel\": [\"Email\"], \"0.2 Have we added them to Apple beta list?\": [\"Yes\"], \"0.1 Have we emailed them saying we are sending them a build?\": [\"Yes\"], \"Gamertag\": [\"\", \"_text\"]}'),(62,'federico@mheroin.com','Federico Builes','Hearthstone: Heroes of Warcraft','iOS','PC','2015-08-05 14:25:29','{\"0.0 Main Communication Channel\":[\"Email\"],\"0.1 Have we emailed them saying we are sending them a build?\":[\"Yes\"],\"0.2 Have we added them to Apple beta list?\":[\"Yes\"],\"Gamertag\":[\"_text\",\"\"],\"Twitter Handle\":[\"_text\",\"\"]}','{\"Twitter Handle\": [\"\", \"_text\"], \"Twitter Handle 1\": [\"\", \"_text\"], \"0.0 Main Communication Channel\": [\"Email\"], \"0.2 Have we added them to Apple beta list?\": [\"Yes\"], \"0.1 Have we emailed them saying we are sending them a build?\": [\"Yes\"], \"Gamertag\": [\"\", \"_text\"]}'),(63,'david.s.carter1@gmail.com','david','7 Days to Die,AdVenture Capitalist,A Game of Thrones: Genesis','iOS','Xbox 360','2015-08-06 14:07:06','{\"0.0 Main Communication Channel\":[\"Email\"],\"0.1 Have we emailed them saying we are sending them a build?\":[\"Yes\"],\"0.2 Have we added them to Apple beta list?\":[\"Yes\"],\"Gamertag\":[\"_text\",\"\"],\"Twitter Handle\":[\"_text\",\"\"]}','{\"Twitter Handle\": [\"\", \"_text\"], \"Twitter Handle 1\": [\"\", \"_text\"], \"0.0 Main Communication Channel\": [\"Email\"], \"0.2 Have we added them to Apple beta list?\": [\"Yes\"], \"0.1 Have we emailed them saying we are sending them a build?\": [\"Yes\"], \"Gamertag\": [\"\", \"_text\"]}'),(64,'vedant.kota@gmail.com','Vedant Agarwala','Dota 2','Android','other','2015-08-08 07:06:18','{\"Gamertag\":[\"_text\",\"\"],\"Twitter Handle\":[\"_text\",\"\"]}','{\"Twitter Handle\": [\"\", \"_text\"], \"Gamertag\": [\"\", \"_text\"], \"Twitter Handle 1\": [\"\", \"_text\"]}'),(65,'vedant.kota@gmail.com','Vedant Agarwala','Dota 2','Android','PC','2015-08-08 07:08:35','{\"Gamertag\":[\"_text\",\"\"],\"Twitter Handle\":[\"_text\",\"\"]}','{\"Twitter Handle\": [\"\", \"_text\"], \"Gamertag\": [\"\", \"_text\"], \"Twitter Handle 1\": [\"\", \"_text\"]}'),(66,'zhtsu47@me.com','昊天 郑','','iOS','','2015-08-08 07:08:44','{\"0.0 Main Communication Channel\":[\"Email\"],\"0.1 Have we emailed them saying we are sending them a build?\":[\"Yes\"],\"0.2 Have we added them to Apple beta list?\":[\"Yes\"],\"01. Has user signed up to app?\":[\"Yes\"],\"Gamertag\":[\"_text\",\"\"],\"Twitter Handle\":[\"_text\",\"\"]}','{\"Twitter Handle\": [\"\", \"_text\"], \"01. Has user signed up to app?\": [\"Yes\"], \"0.0 Main Communication Channel\": [\"Email\"], \"0.2 Have we added them to Apple beta list?\": [\"Yes\"], \"Twitter Handle 1\": [\"\", \"_text\"], \"Gamertag\": [\"\", \"_text\"], \"0.1 Have we emailed them saying we are sending them a build?\": [\"Yes\"]}'),(67,'denniskupec@gmail.com','Dennis Kupec','Half-Life: Counter-Strike','iOS','PC','2015-08-08 07:09:04','{\"0.0 Main Communication Channel\":[\"Email\"],\"0.1 Have we emailed them saying we are sending them a build?\":[\"Yes\"],\"0.2 Have we added them to Apple beta list?\":[\"Yes\"],\"Gamertag\":[\"_text\",\"\"],\"Twitter Handle\":[\"_text\",\"\"]}','{\"Twitter Handle\": [\"\", \"_text\"], \"Twitter Handle 1\": [\"\", \"_text\"], \"0.0 Main Communication Channel\": [\"Email\"], \"0.2 Have we added them to Apple beta list?\": [\"Yes\"], \"0.1 Have we emailed them saying we are sending them a build?\": [\"Yes\"], \"Gamertag\": [\"\", \"_text\"]}'),(68,'david@strauss.io','David Strauss','Battlefield 3,Battlefield 4,Insurgency','iOS','PC','2015-08-08 07:09:48','{\"0.0 Main Communication Channel\":[\"Email\"],\"0.1 Have we emailed them saying we are sending them a build?\":[\"Yes\"],\"0.2 Have we added them to Apple beta list?\":[\"Yes\"],\"Gamertag\":[\"_text\",\"\"],\"Twitter Handle\":[\"_text\",\"\"]}','{\"Twitter Handle\": [\"\", \"_text\"], \"Twitter Handle 1\": [\"\", \"_text\"], \"0.0 Main Communication Channel\": [\"Email\"], \"0.2 Have we added them to Apple beta list?\": [\"Yes\"], \"0.1 Have we emailed them saying we are sending them a build?\": [\"Yes\"], \"Gamertag\": [\"\", \"_text\"]}'),(69,'alan.fred.doherty@googlemail.com','Alan Doherty','Garry\'s Mod','Android','PC','2015-08-08 07:10:19','{\"Gamertag\":[\"_text\",\"\"],\"Twitter Handle\":[\"_text\",\"\"]}','{\"Twitter Handle\": [\"\", \"_text\"], \"Gamertag\": [\"\", \"_text\"], \"Twitter Handle 1\": [\"\", \"_text\"]}'),(70,'frozencow@gmail.com','FrozenCow','Counter-Strike: Global Offensive,Rust,Terraria','Android','other','2015-08-08 07:10:19','{\"Gamertag\":[\"_text\",\"\"],\"Twitter Handle\":[\"_text\",\"\"]}','{\"Twitter Handle\": [\"\", \"_text\"], \"Gamertag\": [\"\", \"_text\"], \"Twitter Handle 1\": [\"\", \"_text\"]}'),(71,'contact@protectator.ch','Kewin','League of Legends','Android','PC','2015-08-08 07:10:45','{\"Gamertag\":[\"_text\",\"\"],\"Twitter Handle\":[\"_text\",\"\"]}','{\"Twitter Handle\": [\"\", \"_text\"], \"Gamertag\": [\"\", \"_text\"], \"Twitter Handle 1\": [\"\", \"_text\"]}'),(72,'nkishore@megam.io','Kishorekumar  Neelamegam','Plants vs. Zombies: Garden Warfare,Rust','Android','other','2015-08-08 07:11:38','{\"Gamertag\":[\"_text\",\"\"],\"Twitter Handle\":[\"_text\",\"\"]}','{\"Twitter Handle\": [\"\", \"_text\"], \"Gamertag\": [\"\", \"_text\"], \"Twitter Handle 1\": [\"\", \"_text\"]}'),(73,'eric@ericpolman.com','Eric Polman','Europa Universalis IV,League of Legends,The Legend of Zelda','Android','PC','2015-08-08 07:11:38','{\"Gamertag\":[\"_text\",\"\"],\"Twitter Handle\":[\"_text\",\"\"]}','{\"Twitter Handle\": [\"\", \"_text\"], \"Gamertag\": [\"\", \"_text\"], \"Twitter Handle 1\": [\"\", \"_text\"]}'),(74,'saint974@googlemail.com','Samuel Cordner-Matthews','Fallout: New Vegas','iOS','PC','2015-08-08 07:12:15','{\"0.0 Main Communication Channel\":[\"Email\"],\"0.1 Have we emailed them saying we are sending them a build?\":[\"Yes\"],\"0.2 Have we added them to Apple beta list?\":[\"Yes\"],\"Gamertag\":[\"_text\",\"\"],\"Twitter Handle\":[\"_text\",\"\"]}','{\"Twitter Handle\": [\"\", \"_text\"], \"Twitter Handle 1\": [\"\", \"_text\"], \"0.0 Main Communication Channel\": [\"Email\"], \"0.2 Have we added them to Apple beta list?\": [\"Yes\"], \"0.1 Have we emailed them saying we are sending them a build?\": [\"Yes\"], \"Gamertag\": [\"\", \"_text\"]}'),(75,'andrea.damico@gmail.com','Andrea D\'Amico','Agar.io,Minecraft,Tera','iOS','PC','2015-08-08 07:12:52','{\"0.0 Main Communication Channel\":[\"Email\"],\"0.1 Have we emailed them saying we are sending them a build?\":[\"Yes\"],\"0.2 Have we added them to Apple beta list?\":[\"Yes\"],\"Gamertag\":[\"_text\",\"\"],\"Twitter Handle\":[\"_text\",\"\"]}','{\"Twitter Handle\": [\"\", \"_text\"], \"Twitter Handle 1\": [\"\", \"_text\"], \"0.0 Main Communication Channel\": [\"Email\"], \"0.2 Have we added them to Apple beta list?\": [\"Yes\"], \"0.1 Have we emailed them saying we are sending them a build?\": [\"Yes\"], \"Gamertag\": [\"\", \"_text\"]}'),(76,'zonyitoo@gmail.com','Y. T.  Chung','Assassin\'s Creed: Brotherhood','other','PC','2015-08-08 07:12:57','{\"Gamertag\":[\"_text\",\"\"],\"Twitter Handle\":[\"_text\",\"\"]}','{\"Twitter Handle\": [\"\", \"_text\"], \"Gamertag\": [\"\", \"_text\"], \"Twitter Handle 1\": [\"\", \"_text\"]}'),(77,'jeroen@jarinsoffice.com','Jeroen Roosen','Final Fantasy XIV Online: A Realm Reborn','Android','other','2015-08-08 07:14:25','{\"Gamertag\":[\"_text\",\"\"],\"Twitter Handle\":[\"_text\",\"\"]}','{\"Twitter Handle\": [\"\", \"_text\"], \"Gamertag\": [\"\", \"_text\"], \"Twitter Handle 1\": [\"\", \"_text\"]}'),(78,'yorkiefixer@gmail.com','Yorkie Liu','','iOS','other','2015-08-08 07:15:14','{\"0.0 Main Communication Channel\":[\"Email\"],\"0.1 Have we emailed them saying we are sending them a build?\":[\"Yes\"],\"0.2 Have we added them to Apple beta list?\":[\"Yes\"],\"Gamertag\":[\"_text\",\"\"],\"Twitter Handle\":[\"_text\",\"\"]}','{\"Twitter Handle\": [\"\", \"_text\"], \"Twitter Handle 1\": [\"\", \"_text\"], \"0.0 Main Communication Channel\": [\"Email\"], \"0.2 Have we added them to Apple beta list?\": [\"Yes\"], \"0.1 Have we emailed them saying we are sending them a build?\": [\"Yes\"], \"Gamertag\": [\"\", \"_text\"]}'),(79,'niothiel@gmail.com','Val Komarov','','Android','other','2015-08-08 07:16:15','{\"Gamertag\":[\"_text\",\"\"],\"Twitter Handle\":[\"_text\",\"\"]}','{\"Twitter Handle\": [\"\", \"_text\"], \"Gamertag\": [\"\", \"_text\"], \"Twitter Handle 1\": [\"\", \"_text\"]}'),(80,'ben@0x539.de','Benjamin Herr','EVE Online,Team Fortress 2','','PC','2015-08-08 07:17:45','{\"Gamertag\":[\"_text\",\"\"],\"Twitter Handle\":[\"_text\",\"\"]}','{\"Twitter Handle\": [\"\", \"_text\"], \"Gamertag\": [\"\", \"_text\"], \"Twitter Handle 1\": [\"\", \"_text\"]}'),(81,'aragaer@gmail.com','Ilya  Konovalov  ','Town of Salem','Android','other','2015-08-08 08:17:37','{\"Gamertag\":[\"_text\",\"\"],\"Twitter Handle\":[\"_text\",\"\"]}','{\"Twitter Handle\": [\"\", \"_text\"], \"Gamertag\": [\"\", \"_text\"], \"Twitter Handle 1\": [\"\", \"_text\"]}'),(82,'bathtor@googlemail.com','Lars Kroll','','other','PC','2015-08-08 08:18:57','{\"Gamertag\":[\"_text\",\"\"],\"Twitter Handle\":[\"_text\",\"\"]}','{\"Twitter Handle\": [\"\", \"_text\"], \"Gamertag\": [\"\", \"_text\"], \"Twitter Handle 1\": [\"\", \"_text\"]}'),(83,'will@willusher.io','Will Usher','Dark Souls II: Scholar of the First Sin','','PC','2015-08-08 08:20:26','{\"Gamertag\":[\"_text\",\"\"],\"Twitter Handle\":[\"_text\",\"\"]}','{\"Twitter Handle\": [\"\", \"_text\"], \"Gamertag\": [\"\", \"_text\"], \"Twitter Handle 1\": [\"\", \"_text\"]}'),(84,'gsumpster@gmail.com','George Sumpster','EVE Online','other','other','2015-08-08 08:22:37','{\"Gamertag\":[\"_text\",\"\"],\"Twitter Handle\":[\"_text\",\"\"]}','{\"Twitter Handle\": [\"\", \"_text\"], \"Gamertag\": [\"\", \"_text\"], \"Twitter Handle 1\": [\"\", \"_text\"]}'),(85,'javiertitan@gmail.com','Javier Provecho','Dota 2,PlanetSide 2','iOS','other','2015-08-08 09:34:13','{\"0.0 Main Communication Channel\":[\"Email\"],\"0.1 Have we emailed them saying we are sending them a build?\":[\"Yes\"],\"0.2 Have we added them to Apple beta list?\":[\"Yes\"],\"Gamertag\":[\"_text\",\"\"],\"Twitter Handle\":[\"_text\",\"\"]}','{\"Twitter Handle\": [\"\", \"_text\"], \"Twitter Handle 1\": [\"\", \"_text\"], \"0.0 Main Communication Channel\": [\"Email\"], \"0.2 Have we added them to Apple beta list?\": [\"Yes\"], \"0.1 Have we emailed them saying we are sending them a build?\": [\"Yes\"], \"Gamertag\": [\"\", \"_text\"]}'),(86,'zonyitoo@gmail.com','Y.T. Chung','Assassin\'s Creed: Brotherhood,Assassin\'s Creed IV: Black Flag,Assassin\'s Creed Unity,Minecraft','other','PC','2015-08-08 09:48:46','{\"Gamertag\":[\"_text\",\"\"],\"Twitter Handle\":[\"_text\",\"\"]}','{\"Twitter Handle\": [\"\", \"_text\"], \"Gamertag\": [\"\", \"_text\"], \"Twitter Handle 1\": [\"\", \"_text\"]}'),(87,'karolis.strazdas97@gmail.com','Karolis Strazdas','Tibia','Android','other','2015-08-08 09:57:00','{\"Gamertag\":[\"_text\",\"\"],\"Twitter Handle\":[\"_text\",\"\"]}','{\"Twitter Handle\": [\"\", \"_text\"], \"Gamertag\": [\"\", \"_text\"], \"Twitter Handle 1\": [\"\", \"_text\"]}'),(88,'guilhermelins_muarena@live.com','Guilherme Lins','Tibia','Android','other','2015-08-08 10:15:25','{\"Gamertag\":[\"_text\",\"\"],\"Twitter Handle\":[\"_text\",\"\"]}','{\"Twitter Handle\": [\"\", \"_text\"], \"Gamertag\": [\"\", \"_text\"], \"Twitter Handle 1\": [\"\", \"_text\"]}'),(89,'zumpyzum@gmail.com','Zumpyzum','EVE Online','Android','other','2015-08-08 12:59:09','{\"Gamertag\":[\"_text\",\"\"],\"Twitter Handle\":[\"_text\",\"\"]}','{\"Twitter Handle\": [\"\", \"_text\"], \"Gamertag\": [\"\", \"_text\"], \"Twitter Handle 1\": [\"\", \"_text\"]}'),(90,'maxx.crawford@gmail.com','Maxx Crawford','Burnout Paradise,FIFA 14,FIFA 15,Grand Theft Auto V','other','Xbox 360','2015-08-08 13:16:18','{\"Gamertag\":[\"_text\",\"\"],\"Twitter Handle\":[\"_text\",\"\"]}','{\"Twitter Handle\": [\"\", \"_text\"], \"Gamertag\": [\"\", \"_text\"], \"Twitter Handle 1\": [\"\", \"_text\"]}'),(91,'szymbar1513@gmail.com','\"Nonen Ważny\" <szymbar1513@gmail.com>','Counter-Strike: Global Offensive,Hearthstone: Heroes of Warcraft,Heroes of the Storm,League of Legends,Mario Kart 64,Mario Kart 8,Mario Kart: Double Dash!!,Pokémon Omega Ruby/Alpha Sapphire,Splatoon,Super Smash Bros.','Android','other','2015-08-08 13:49:24','{\"Gamertag\":[\"_text\",\"\"],\"Twitter Handle\":[\"_text\",\"\"]}','{\"Twitter Handle\": [\"\", \"_text\"], \"Gamertag\": [\"\", \"_text\"], \"Twitter Handle 1\": [\"\", \"_text\"]}'),(92,'kvl.olg@gmail.com','Oleg Koval','Football Manager 2015','iOS','other','2015-08-08 14:50:09','{\"0.0 Main Communication Channel\":[\"Email\"],\"0.1 Have we emailed them saying we are sending them a build?\":[\"Yes\"],\"0.2 Have we added them to Apple beta list?\":[\"Yes\"],\"01. Has user signed up to app?\":[\"Yes\"],\"Gamertag\":[\"_text\",\"\"],\"Twitter Handle\":[\"_text\",\"\"]}','{\"Twitter Handle\": [\"\", \"_text\"], \"01. Has user signed up to app?\": [\"Yes\"], \"0.0 Main Communication Channel\": [\"Email\"], \"0.2 Have we added them to Apple beta list?\": [\"Yes\"], \"Twitter Handle 1\": [\"\", \"_text\"], \"Gamertag\": [\"\", \"_text\"], \"0.1 Have we emailed them saying we are sending them a build?\": [\"Yes\"]}'),(93,'norswap@gmail.com','Nicolas  Laurent','Smite','other','PC','2015-08-09 13:43:34','{\"Gamertag\":[\"_text\",\"\"],\"Twitter Handle\":[\"_text\",\"\"]}','{\"Twitter Handle\": [\"\", \"_text\"], \"Gamertag\": [\"\", \"_text\"], \"Twitter Handle 1\": [\"\", \"_text\"]}'),(94,'adamw523@gmail.com','Adam Wisniewski','Destiny','Android','PS4','2015-08-09 13:44:31','{\"Gamertag\":[\"_text\",\"\"],\"Twitter Handle\":[\"_text\",\"\"]}','{\"Twitter Handle\": [\"\", \"_text\"], \"Gamertag\": [\"\", \"_text\"], \"Twitter Handle 1\": [\"\", \"_text\"]}'),(95,'nanashi1337@live.se','Nanashi - Rayer','Aion: Ascension,Heroes of Newerth','Android','other','2015-08-09 13:53:07','{\"Gamertag\":[\"_text\",\"\"],\"Twitter Handle\":[\"_text\",\"\"]}','{\"Twitter Handle\": [\"\", \"_text\"], \"Gamertag\": [\"\", \"_text\"], \"Twitter Handle 1\": [\"\", \"_text\"]}'),(96,'admin@leet.gg','Leet Team','Counter-Strike: Global Offensive,Counter-Strike: Source','iOS,Android','','2015-08-09 14:05:39','{\"0.0 Main Communication Channel\":[\"Email\"],\"0.1 Have we emailed them saying we are sending them a build?\":[\"Yes\"],\"0.2 Have we added them to Apple beta list?\":[\"Yes\"],\"Gamertag\":[\"_text\",\"\"],\"Twitter Handle\":[\"_text\",\"\"]}','{\"Twitter Handle\": [\"\", \"_text\"], \"Twitter Handle 1\": [\"\", \"_text\"], \"0.0 Main Communication Channel\": [\"Email\"], \"0.2 Have we added them to Apple beta list?\": [\"Yes\"], \"0.1 Have we emailed them saying we are sending them a build?\": [\"Yes\"], \"Gamertag\": [\"\", \"_text\"]}'),(97,'elronaldpetit@gmail.com','Ronald Petit','League of Legends,Tibia','Android','other','2015-08-09 14:17:53','{\"Gamertag\":[\"_text\",\"\"],\"Twitter Handle\":[\"_text\",\"\"]}','{\"0.2 Have we added them to Apple beta list?\": [\"Yes\"], \"Twitter Handle\": [\"\", \"_text\"], \"Gamertag\": [\"\", \"_text\"], \"0.0 Main Communication Channel\": [\"Email\"], \"Twitter Handle 1\": [\"\", \"_text\"]}'),(98,'phil@larby.org','Philip Larby','Elite: Dangerous','iOS,Windows Mobile,Android','','2015-08-09 14:33:11','{\"0.0 Main Communication Channel\":[\"Email\"],\"0.1 Have we emailed them saying we are sending them a build?\":[\"Yes\"],\"0.2 Have we added them to Apple beta list?\":[\"Yes\"],\"Gamertag\":[\"_text\",\"\"],\"Twitter Handle\":[\"_text\",\"\"]}','{\"Twitter Handle\": [\"\", \"_text\"], \"Twitter Handle 1\": [\"\", \"_text\"], \"0.0 Main Communication Channel\": [\"Email\"], \"0.2 Have we added them to Apple beta list?\": [\"Yes\"], \"0.1 Have we emailed them saying we are sending them a build?\": [\"Yes\"], \"Gamertag\": [\"\", \"_text\"]}'),(99,'lbonniot@lesterpig.com','Loïck Bonniot','Diablo III,Dota 2,Final Fantasy XII,Watch Dogs','','PS3','2015-08-09 15:11:39','{\"Gamertag\":[\"_text\",\"\"],\"Twitter Handle\":[\"_text\",\"\"]}','{\"Twitter Handle\": [\"\", \"_text\"], \"Gamertag\": [\"\", \"_text\"], \"Twitter Handle 1\": [\"\", \"_text\"]}'),(100,'stefenatefun@gmail.com','Stefen Sharkey','World of Warcraft','other','PC','2015-08-09 15:15:30','{\"Gamertag\":[\"_text\",\"\"],\"Twitter Handle\":[\"_text\",\"\"]}','{\"Twitter Handle\": [\"\", \"_text\"], \"Gamertag\": [\"\", \"_text\"], \"Twitter Handle 1\": [\"\", \"_text\"]}'),(101,'richard.d.break@gmail.com','Richard Break','League of Legends','Android','other','2015-08-09 16:12:50','{\"Gamertag\":[\"_text\",\"\"],\"Twitter Handle\":[\"_text\",\"\"]}','{\"Twitter Handle\": [\"\", \"_text\"], \"Gamertag\": [\"\", \"_text\"], \"Twitter Handle 1\": [\"\", \"_text\"]}'),(102,'hi@xtian.us','Christian Wesselhoeft','World of Warships','other','PC','2015-08-09 16:16:49','{\"Gamertag\":[\"_text\",\"\"],\"Twitter Handle\":[\"_text\",\"\"]}','{\"Twitter Handle\": [\"\", \"_text\"], \"Gamertag\": [\"\", \"_text\"], \"Twitter Handle 1\": [\"\", \"_text\"]}'),(103,'ken@kenpratt.net','Ken Pratt','StarCraft II','iOS','other','2015-08-10 03:40:28','{\"0.0 Main Communication Channel\":[\"Email\"],\"0.1 Have we emailed them saying we are sending them a build?\":[\"Yes\"],\"0.2 Have we added them to Apple beta list?\":[\"Yes\"],\"Gamertag\":[\"_text\",\"\"],\"Twitter Handle\":[\"_text\",\"\"]}','{\"Twitter Handle\": [\"\", \"_text\"], \"Twitter Handle 1\": [\"\", \"_text\"], \"0.0 Main Communication Channel\": [\"Email\"], \"0.2 Have we added them to Apple beta list?\": [\"Yes\"], \"0.1 Have we emailed them saying we are sending them a build?\": [\"Yes\"], \"Gamertag\": [\"\", \"_text\"]}'),(104,'poymode@gmail.com','Poy','Mafia II,Mafia LIVE!','iOS','PC','2015-08-10 07:16:59','{\"0.0 Main Communication Channel\":[\"Email\"],\"0.1 Have we emailed them saying we are sending them a build?\":[\"Yes\"],\"0.2 Have we added them to Apple beta list?\":[\"Yes\"],\"Gamertag\":[\"_text\",\"\"],\"Twitter Handle\":[\"_text\",\"\"]}','{\"Twitter Handle\": [\"\", \"_text\"], \"Twitter Handle 1\": [\"\", \"_text\"], \"0.0 Main Communication Channel\": [\"Email\"], \"0.2 Have we added them to Apple beta list?\": [\"Yes\"], \"0.1 Have we emailed them saying we are sending them a build?\": [\"Yes\"], \"Gamertag\": [\"\", \"_text\"]}'),(105,'r.mobis@gmail.com','Raphael Mobis Tacla','Tibia','Android','other','2015-08-10 07:27:24','{\"Gamertag\":[\"_text\",\"\"],\"Twitter Handle\":[\"_text\",\"\"]}','{\"Twitter Handle\": [\"\", \"_text\"], \"Gamertag\": [\"\", \"_text\"], \"Twitter Handle 1\": [\"\", \"_text\"]}'),(106,'r.mobis@gmail.com','Raphael Mobis Tacla','Tibia','Android','other','2015-08-10 07:27:24','{\"Gamertag\":[\"_text\",\"\"],\"Twitter Handle\":[\"_text\",\"\"]}','{\"Twitter Handle\": [\"\", \"_text\"], \"Gamertag\": [\"\", \"_text\"], \"Twitter Handle 1\": [\"\", \"_text\"]}'),(107,'soniczerops@gmail.com','NeoTheFox.','Audiosurf 2,Team Fortress 2,Terraria,The Binding of Isaac','Android','other','2015-08-10 11:10:25','{\"Gamertag\":[\"_text\",\"\"],\"Twitter Handle\":[\"_text\",\"\"]}','{\"Twitter Handle\": [\"\", \"_text\"], \"Gamertag\": [\"\", \"_text\"], \"Twitter Handle 1\": [\"\", \"_text\"]}'),(108,'f.andrea1602@gmail.com','Andrea Franchini','Hearthstone: Heroes of Warcraft','iOS','other','2015-08-10 11:36:30','{\"0.0 Main Communication Channel\":[\"Email\"],\"0.1 Have we emailed them saying we are sending them a build?\":[\"Yes\"],\"0.2 Have we added them to Apple beta list?\":[\"Yes\"],\"Gamertag\":[\"_text\",\"\"],\"Twitter Handle\":[\"_text\",\"\"]}','{\"Twitter Handle\": [\"\", \"_text\"], \"Twitter Handle 1\": [\"\", \"_text\"], \"0.0 Main Communication Channel\": [\"Email\"], \"0.2 Have we added them to Apple beta list?\": [\"Yes\"], \"0.1 Have we emailed them saying we are sending them a build?\": [\"Yes\"], \"Gamertag\": [\"\", \"_text\"]}'),(109,'gerald.kaszuba@gmail.com','Gerald Kaszuba','Counter-Strike: Global Offensive,Counter-Strike: Source','Android','other','2015-08-10 11:51:42','{\"Gamertag\":[\"_text\",\"\"],\"Twitter Handle\":[\"_text\",\"\"]}','{\"Twitter Handle\": [\"\", \"_text\"], \"Gamertag\": [\"\", \"_text\"], \"Twitter Handle 1\": [\"\", \"_text\"]}'),(110,'danilo.garcia@bravi.com.br','Danilo Garcia','Mortal Kombat X','other','PS4,PC','2015-08-10 13:46:21','{\"Gamertag\":[\"_text\",\"\"],\"Twitter Handle\":[\"_text\",\"\"]}','{\"Twitter Handle\": [\"\", \"_text\"], \"Gamertag\": [\"\", \"_text\"], \"Twitter Handle 1\": [\"\", \"_text\"]}'),(111,'thebenclauss@gmail.com','Benjamin Clauss','FIFA 14,FIFA 15','iOS','other','2015-08-10 14:20:06','{\"0.0 Main Communication Channel\":[\"Email\"],\"0.1 Have we emailed them saying we are sending them a build?\":[\"Yes\"],\"0.2 Have we added them to Apple beta list?\":[\"Yes\"],\"Gamertag\":[\"_text\",\"\"],\"Twitter Handle\":[\"_text\",\"\"]}','{\"Twitter Handle\": [\"\", \"_text\"], \"Twitter Handle 1\": [\"\", \"_text\"], \"0.0 Main Communication Channel\": [\"Email\"], \"0.2 Have we added them to Apple beta list?\": [\"Yes\"], \"0.1 Have we emailed them saying we are sending them a build?\": [\"Yes\"], \"Gamertag\": [\"\", \"_text\"]}'),(112,'markbessette978@gmail.com','Mark Bessette','Garry\'s Mod','iOS,Android','other','2015-08-10 14:34:03','{\"0.0 Main Communication Channel\":[\"Email\"],\"0.1 Have we emailed them saying we are sending them a build?\":[\"Yes\"],\"0.2 Have we added them to Apple beta list?\":[\"Yes\"],\"Gamertag\":[\"_text\",\"\"],\"Twitter Handle\":[\"_text\",\"\"]}','{\"Twitter Handle\": [\"\", \"_text\"], \"Twitter Handle 1\": [\"\", \"_text\"], \"0.0 Main Communication Channel\": [\"Email\"], \"0.2 Have we added them to Apple beta list?\": [\"Yes\"], \"0.1 Have we emailed them saying we are sending them a build?\": [\"Yes\"], \"Gamertag\": [\"\", \"_text\"]}'),(113,'rick@blommersit.nl','Rick Bloomers','','iOS','PC','2015-08-10 14:50:58','{\"0.0 Main Communication Channel\":[\"Email\"],\"0.1 Have we emailed them saying we are sending them a build?\":[\"Yes\"],\"0.2 Have we added them to Apple beta list?\":[\"Yes\"],\"Gamertag\":[\"_text\",\"\"],\"Twitter Handle\":[\"_text\",\"\"]}','{\"Twitter Handle\": [\"\", \"_text\"], \"Twitter Handle 1\": [\"\", \"_text\"], \"0.0 Main Communication Channel\": [\"Email\"], \"0.2 Have we added them to Apple beta list?\": [\"Yes\"], \"0.1 Have we emailed them saying we are sending them a build?\": [\"Yes\"], \"Gamertag\": [\"\", \"_text\"]}'),(114,'amaiorano@gmail.com','Antonio Maiorano','The Legend of Zelda','iOS','PC','2015-08-10 14:51:46','{\"0.0 Main Communication Channel\":[\"Email\"],\"0.1 Have we emailed them saying we are sending them a build?\":[\"Yes\"],\"0.2 Have we added them to Apple beta list?\":[\"Yes\"],\"Gamertag\":[\"_text\",\"\"],\"Twitter Handle\":[\"_text\",\"\"]}','{\"Twitter Handle\": [\"\", \"_text\"], \"Twitter Handle 1\": [\"\", \"_text\"], \"0.0 Main Communication Channel\": [\"Email\"], \"0.2 Have we added them to Apple beta list?\": [\"Yes\"], \"0.1 Have we emailed them saying we are sending them a build?\": [\"Yes\"], \"Gamertag\": [\"\", \"_text\"]}'),(115,'jalisr@gmail.com','Jalis R','Monster Hunter 3 Ultimate,Monster Hunter 4 Ultimate','Android','PC','2015-08-10 14:52:38','{\"Gamertag\":[\"_text\",\"\"],\"Twitter Handle\":[\"_text\",\"\"]}','{\"Twitter Handle\": [\"\", \"_text\"], \"Gamertag\": [\"\", \"_text\"], \"Twitter Handle 1\": [\"\", \"_text\"]}'),(116,'david@schwartz.am','David Schwartz','Destiny,Halo: The Master Chief Collection,Madden NFL 15,Mass Effect','iOS','Xbox One,PS3,PC','2015-08-10 14:54:09','{\"0.0 Main Communication Channel\":[\"Email\"],\"0.1 Have we emailed them saying we are sending them a build?\":[\"Yes\"],\"0.2 Have we added them to Apple beta list?\":[\"Yes\"],\"Gamertag\":[\"_text\",\"\"],\"Twitter Handle\":[\"_text\",\"\"]}','{\"Twitter Handle\": [\"\", \"_text\"], \"Twitter Handle 1\": [\"\", \"_text\"], \"0.0 Main Communication Channel\": [\"Email\"], \"0.2 Have we added them to Apple beta list?\": [\"Yes\"], \"0.1 Have we emailed them saying we are sending them a build?\": [\"Yes\"], \"Gamertag\": [\"\", \"_text\"]}'),(117,'prechcik@gmail.com','Dawid Precht','APB Reloaded','Android','','2015-08-10 14:54:51','{\"Gamertag\":[\"_text\",\"\"],\"Twitter Handle\":[\"_text\",\"\"]}','{\"Twitter Handle\": [\"\", \"_text\"], \"Gamertag\": [\"\", \"_text\"], \"Twitter Handle 1\": [\"\", \"_text\"]}'),(118,'shawn.a.holmes@gmail.com','Shawn Holmes','World of Warcraft','Android','PC','2015-08-10 14:56:09','{\"Gamertag\":[\"_text\",\"\"],\"Twitter Handle\":[\"_text\",\"\"]}','{\"Twitter Handle\": [\"\", \"_text\"], \"Gamertag\": [\"\", \"_text\"], \"Twitter Handle 1\": [\"\", \"_text\"]}'),(119,'me@onelann.tk','Jason Chu','League of Legends','iOS','PC','2015-08-10 14:57:00','{\"0.0 Main Communication Channel\":[\"Email\"],\"0.1 Have we emailed them saying we are sending them a build?\":[\"Yes\"],\"0.2 Have we added them to Apple beta list?\":[\"Yes\"],\"Gamertag\":[\"_text\",\"\"],\"Twitter Handle\":[\"_text\",\"\"]}','{\"Twitter Handle\": [\"\", \"_text\"], \"Twitter Handle 1\": [\"\", \"_text\"], \"0.0 Main Communication Channel\": [\"Email\"], \"0.2 Have we added them to Apple beta list?\": [\"Yes\"], \"0.1 Have we emailed them saying we are sending them a build?\": [\"Yes\"], \"Gamertag\": [\"\", \"_text\"]}'),(120,'thepcmrtim@gmail.com','Peter Soboyejo','Counter-Strike: Source,Grand Theft Auto: San Andreas,League of Legends','iOS','PC','2015-08-10 15:00:31','{\"0.0 Main Communication Channel\":[\"Email\"],\"0.1 Have we emailed them saying we are sending them a build?\":[\"Yes\"],\"0.2 Have we added them to Apple beta list?\":[\"Yes\"],\"Gamertag\":[\"_text\",\"\"],\"Twitter Handle\":[\"_text\",\"\"]}','{\"Twitter Handle\": [\"\", \"_text\"], \"Twitter Handle 1\": [\"\", \"_text\"], \"0.0 Main Communication Channel\": [\"Email\"], \"0.2 Have we added them to Apple beta list?\": [\"Yes\"], \"0.1 Have we emailed them saying we are sending them a build?\": [\"Yes\"], \"Gamertag\": [\"\", \"_text\"]}'),(121,'jumatthey@bluewin.ch','Julien Matthey','The Elder Scrolls Online: Tamriel Unlimited','Android','PC','2015-08-10 15:01:12','{\"Gamertag\":[\"_text\",\"\"],\"Twitter Handle\":[\"_text\",\"\"]}','{\"Twitter Handle\": [\"\", \"_text\"], \"Gamertag\": [\"\", \"_text\"], \"Twitter Handle 1\": [\"\", \"_text\"]}'),(122,'timpotze@gmail.com','Tim Potze','Call of Duty: Black Ops','iOS','PC','2015-08-10 15:02:47','{\"0.0 Main Communication Channel\":[\"Email\"],\"0.1 Have we emailed them saying we are sending them a build?\":[\"Yes\"],\"0.2 Have we added them to Apple beta list?\":[\"Yes\"],\"01. Has user signed up to app?\":[\"Yes\"],\"Gamertag\":[\"_text\",\"\"],\"Twitter Handle\":[\"_text\",\"\"]}','{\"Twitter Handle\": [\"\", \"_text\"], \"01. Has user signed up to app?\": [\"Yes\"], \"0.0 Main Communication Channel\": [\"Email\"], \"0.2 Have we added them to Apple beta list?\": [\"Yes\"], \"Twitter Handle 1\": [\"\", \"_text\"], \"Gamertag\": [\"\", \"_text\"], \"0.1 Have we emailed them saying we are sending them a build?\": [\"Yes\"]}'),(123,'mark@arneman.me','Mark Arneman','Dota 2','Android','PC','2015-08-10 15:03:18','{\"Gamertag\":[\"_text\",\"\"],\"Twitter Handle\":[\"_text\",\"\"]}','{\"Twitter Handle\": [\"\", \"_text\"], \"Gamertag\": [\"\", \"_text\"], \"Twitter Handle 1\": [\"\", \"_text\"]}'),(124,'brian@hudell.com','Pierre Lehnen','RPG Maker VX','Android','PC','2015-08-10 15:03:51','{\"Gamertag\":[\"_text\",\"\"],\"Twitter Handle\":[\"_text\",\"\"]}','{\"Twitter Handle\": [\"\", \"_text\"], \"Gamertag\": [\"\", \"_text\"], \"Twitter Handle 1\": [\"\", \"_text\"]}'),(125,'rocketeerbkw@gmail.com','Brandon Williams','Bastion,Batman: Arkham Asylum,Company of Heroes 2,Company of Heroes 2: The Western Front Armies,Company of Heroes: Opposing Fronts,Deus Ex: Human Revolution Director\'s Cut,Dishonored,Fez,Just Cause 2,Mark of the Ninja,Payday 2,Payday: The Heist,Portal 2,Psychonauts,Saints Row: The Third,Super Meat Boy,Team Fortress 2,The Lord of the Rings Online,Tom Clancy\'s Splinter Cell: Blacklist,Trine 2','iOS','other','2015-08-10 15:10:19','{\"0.0 Main Communication Channel\":[\"Email\"],\"0.1 Have we emailed them saying we are sending them a build?\":[\"Yes\"],\"0.2 Have we added them to Apple beta list?\":[\"Yes\"],\"Gamertag\":[\"_text\",\"\"],\"Twitter Handle\":[\"_text\",\"\"]}','{\"Twitter Handle\": [\"\", \"_text\"], \"Twitter Handle 1\": [\"\", \"_text\"], \"0.0 Main Communication Channel\": [\"Email\"], \"0.2 Have we added them to Apple beta list?\": [\"Yes\"], \"0.1 Have we emailed them saying we are sending them a build?\": [\"Yes\"], \"Gamertag\": [\"\", \"_text\"]}'),(126,'1053dsg@gmail.com','HJ Tang','Dota 2,StarCraft II','Android','other','2015-08-11 01:11:25','{\"Gamertag\":[\"_text\",\"\"],\"Twitter Handle\":[\"_text\",\"\"]}','{\"Twitter Handle\": [\"\", \"_text\"], \"Gamertag\": [\"\", \"_text\"], \"Twitter Handle 1\": [\"\", \"_text\"]}'),(127,'me@ryan-cooke.com','Ryan Cooke','StarCraft II','other,Android','other','2015-08-11 01:23:23','{\"Gamertag\":[\"_text\",\"\"],\"Twitter Handle\":[\"_text\",\"\"]}','{\"Twitter Handle\": [\"\", \"_text\"], \"Gamertag\": [\"\", \"_text\"], \"Twitter Handle 1\": [\"\", \"_text\"]}'),(128,'walkah@walkah.net','James Walker','Minecraft','iOS','PC','2015-08-11 01:29:50','{\"0.0 Main Communication Channel\":[\"Email\"],\"0.1 Have we emailed them saying we are sending them a build?\":[\"Yes\"],\"0.2 Have we added them to Apple beta list?\":[\"Yes\"],\"Gamertag\":[\"_text\",\"\"],\"Twitter Handle\":[\"_text\",\"\"]}','{\"Twitter Handle\": [\"\", \"_text\"], \"Twitter Handle 1\": [\"\", \"_text\"], \"0.0 Main Communication Channel\": [\"Email\"], \"0.2 Have we added them to Apple beta list?\": [\"Yes\"], \"0.1 Have we emailed them saying we are sending them a build?\": [\"Yes\"], \"Gamertag\": [\"\", \"_text\"]}'),(129,'petrsum@gmail.com','Ilya Shpigor','Dota 2','Android','other','2015-08-11 01:33:11','{\"Gamertag\":[\"_text\",\"\"],\"Twitter Handle\":[\"_text\",\"\"]}','{\"Twitter Handle\": [\"\", \"_text\"], \"Gamertag\": [\"\", \"_text\"], \"Twitter Handle 1\": [\"\", \"_text\"]}'),(130,'hyougakazu@gmail.com','Mark Kok','RPG Maker VX','Android','PC','2015-08-11 02:00:36','{\"Gamertag\":[\"_text\",\"\"],\"Twitter Handle\":[\"_text\",\"\"]}','{\"Twitter Handle\": [\"\", \"_text\"], \"Gamertag\": [\"\", \"_text\"], \"Twitter Handle 1\": [\"\", \"_text\"]}'),(131,'vedant.kota@gmail.com','Vedant Agarwala','Dota 2,Mafia II','Android','PC','2015-08-11 02:09:47','{\"Gamertag\":[\"_text\",\"\"],\"Twitter Handle\":[\"_text\",\"\"]}','{\"Twitter Handle\": [\"\", \"_text\"], \"Gamertag\": [\"\", \"_text\"], \"Twitter Handle 1\": [\"\", \"_text\"]}'),(132,'toby@nerdping.com','Toby Archer','Counter-Strike: Global Offensive,Counter-Strike: Source','Android','other','2015-08-11 02:15:30','{\"Gamertag\":[\"_text\",\"\"],\"Twitter Handle\":[\"_text\",\"\"]}','{\"Twitter Handle\": [\"\", \"_text\"], \"Gamertag\": [\"\", \"_text\"], \"Twitter Handle 1\": [\"\", \"_text\"]}'),(133,'bimmr6696@gmail.com','Randy Bimm','Call of Duty 2','Android','other','2015-08-11 02:21:14','{\"Gamertag\":[\"_text\",\"\"],\"Twitter Handle\":[\"_text\",\"\"]}','{\"Twitter Handle\": [\"\", \"_text\"], \"Gamertag\": [\"\", \"_text\"], \"Twitter Handle 1\": [\"\", \"_text\"]}'),(134,'ollie.crook@gmail.com','Ollie Crook','Counter-Strike: Global Offensive,Counter-Strike: Source','Android','other','2015-08-11 02:29:22','{\"Gamertag\":[\"_text\",\"\"],\"Twitter Handle\":[\"_text\",\"\"]}','{\"Twitter Handle\": [\"\", \"_text\"], \"Gamertag\": [\"\", \"_text\"], \"Twitter Handle 1\": [\"\", \"_text\"]}'),(135,'robert@cosmicrealms.com','Robert Schultz','Hearthstone: Heroes of Warcraft','iOS','other','2015-08-11 02:36:42','{\"0.0 Main Communication Channel\":[\"Email\"],\"0.1 Have we emailed them saying we are sending them a build?\":[\"Yes\"],\"0.2 Have we added them to Apple beta list?\":[\"Yes\"],\"Gamertag\":[\"_text\",\"\"],\"Twitter Handle\":[\"_text\",\"\"]}','{\"Twitter Handle\": [\"\", \"_text\"], \"Twitter Handle 1\": [\"\", \"_text\"], \"0.0 Main Communication Channel\": [\"Email\"], \"0.2 Have we added them to Apple beta list?\": [\"Yes\"], \"0.1 Have we emailed them saying we are sending them a build?\": [\"Yes\"], \"Gamertag\": [\"\", \"_text\"]}'),(136,'joaomvarelas@gmail.com','João Varelas','Counter-Strike: Global Offensive,Counter-Strike: Source','Android','other','2015-08-11 02:49:32','{\"Gamertag\":[\"_text\",\"\"],\"Twitter Handle\":[\"_text\",\"\"]}','{\"Twitter Handle\": [\"\", \"_text\"], \"Gamertag\": [\"\", \"_text\"], \"Twitter Handle 1\": [\"\", \"_text\"]}'),(137,'lockirby2@yahoo.com','Cole Vander Veen','Final Fantasy','iOS','PC','2015-08-11 14:26:04','{\"0.0 Main Communication Channel\":[\"Email\"],\"0.1 Have we emailed them saying we are sending them a build?\":[\"Yes\"],\"0.2 Have we added them to Apple beta list?\":[\"Yes\"],\"Gamertag\":[\"_text\",\"\"],\"Twitter Handle\":[\"_text\",\"\"]}','{\"Twitter Handle\": [\"\", \"_text\"], \"Twitter Handle 1\": [\"\", \"_text\"], \"0.0 Main Communication Channel\": [\"Email\"], \"0.2 Have we added them to Apple beta list?\": [\"Yes\"], \"0.1 Have we emailed them saying we are sending them a build?\": [\"Yes\"], \"Gamertag\": [\"\", \"_text\"]}'),(138,'Ryan.Fox@oit.edu','Ryan Fox','Counter-Strike: Global Offensive','iOS','PC','2015-08-11 14:26:56','{\"0.0 Main Communication Channel\":[\"Email\"],\"0.1 Have we emailed them saying we are sending them a build?\":[\"Yes\"],\"0.2 Have we added them to Apple beta list?\":[\"Yes\"],\"Gamertag\":[\"_text\",\"\"],\"Twitter Handle\":[\"_text\",\"\"]}','{\"Twitter Handle\": [\"\", \"_text\"], \"Twitter Handle 1\": [\"\", \"_text\"], \"0.0 Main Communication Channel\": [\"Email\"], \"0.2 Have we added them to Apple beta list?\": [\"Yes\"], \"0.1 Have we emailed them saying we are sending them a build?\": [\"Yes\"], \"Gamertag\": [\"\", \"_text\"]}'),(139,'hoangxuanthanh1986@gmail.com','Hoang Xuan Thanh','Counter-Strike: Global Offensive,Dota 2,Minecraft','iOS','PC','2015-08-11 14:27:45','{\"0.0 Main Communication Channel\":[\"Email\"],\"0.1 Have we emailed them saying we are sending them a build?\":[\"Yes\"],\"0.2 Have we added them to Apple beta list?\":[\"Yes\"],\"01. Has user signed up to app?\":[\"Yes\"],\"Gamertag\":[\"_text\",\"\"],\"Twitter Handle\":[\"_text\",\"\"]}','{\"Twitter Handle\": [\"\", \"_text\"], \"01. Has user signed up to app?\": [\"Yes\"], \"0.0 Main Communication Channel\": [\"Email\"], \"0.2 Have we added them to Apple beta list?\": [\"Yes\"], \"Twitter Handle 1\": [\"\", \"_text\"], \"Gamertag\": [\"\", \"_text\"], \"0.1 Have we emailed them saying we are sending them a build?\": [\"Yes\"]}'),(140,'dev.pdyck@gmail.com','Philipp Dyck','Hearthstone: Heroes of Warcraft,League of Legends','Android','PC','2015-08-11 14:28:34','{\"Gamertag\":[\"_text\",\"\"],\"Twitter Handle\":[\"_text\",\"\"]}','{\"Twitter Handle\": [\"\", \"_text\"], \"Gamertag\": [\"\", \"_text\"], \"Twitter Handle 1\": [\"\", \"_text\"]}'),(141,'jasonpang2011@gmail.com','Jason Pang','StarCraft II','Android','PC','2015-08-11 14:29:10','{\"Gamertag\":[\"_text\",\"\"],\"Twitter Handle\":[\"_text\",\"\"]}','{\"Twitter Handle\": [\"\", \"_text\"], \"Gamertag\": [\"\", \"_text\"], \"Twitter Handle 1\": [\"\", \"_text\"]}'),(142,'hijarian@gmail.com','Mark Safronov','','Android','Xbox One,PC','2015-08-11 14:30:02','{\"Gamertag\":[\"_text\",\"\"],\"Twitter Handle\":[\"_text\",\"\"]}','{\"Twitter Handle\": [\"\", \"_text\"], \"Gamertag\": [\"\", \"_text\"], \"Twitter Handle 1\": [\"\", \"_text\"]}'),(143,'tanordheim@gmail.com','Trong Nordheim','World of Warcraft','iOS','PC','2015-08-11 14:30:42','{\"0.0 Main Communication Channel\":[\"Email\"],\"0.1 Have we emailed them saying we are sending them a build?\":[\"Yes\"],\"0.2 Have we added them to Apple beta list?\":[\"Yes\"],\"Gamertag\":[\"_text\",\"\"],\"Twitter Handle\":[\"_text\",\"\"]}','{\"Twitter Handle\": [\"\", \"_text\"], \"Twitter Handle 1\": [\"\", \"_text\"], \"0.0 Main Communication Channel\": [\"Email\"], \"0.2 Have we added them to Apple beta list?\": [\"Yes\"], \"0.1 Have we emailed them saying we are sending them a build?\": [\"Yes\"], \"Gamertag\": [\"\", \"_text\"]}'),(144,'eyal.ez@gmail.com','Eyal Zekaria','Hearthstone: Heroes of Warcraft','iOS','PC','2015-08-11 14:31:20','{\"0.0 Main Communication Channel\":[\"Email\"],\"0.1 Have we emailed them saying we are sending them a build?\":[\"Yes\"],\"0.2 Have we added them to Apple beta list?\":[\"Yes\"],\"Gamertag\":[\"_text\",\"\"],\"Twitter Handle\":[\"_text\",\"\"]}','{\"Twitter Handle\": [\"\", \"_text\"], \"Twitter Handle 1\": [\"\", \"_text\"], \"0.0 Main Communication Channel\": [\"Email\"], \"0.2 Have we added them to Apple beta list?\": [\"Yes\"], \"0.1 Have we emailed them saying we are sending them a build?\": [\"Yes\"], \"Gamertag\": [\"\", \"_text\"]}'),(145,'ac@adamcunnington.info','Adam Cunnington','Half-Life: Counter-Strike','iOS','PC','2015-08-11 14:31:53','{\"0.0 Main Communication Channel\":[\"Email\"],\"0.1 Have we emailed them saying we are sending them a build?\":[\"Yes\"],\"0.2 Have we added them to Apple beta list?\":[\"Yes\"],\"Gamertag\":[\"_text\",\"\"],\"Twitter Handle\":[\"_text\",\"\"]}','{\"Twitter Handle\": [\"\", \"_text\"], \"Twitter Handle 1\": [\"\", \"_text\"], \"0.0 Main Communication Channel\": [\"Email\"], \"0.2 Have we added them to Apple beta list?\": [\"Yes\"], \"0.1 Have we emailed them saying we are sending them a build?\": [\"Yes\"], \"Gamertag\": [\"\", \"_text\"]}'),(146,'crackeraki@gmail.com','Denis Honchar','Dota 2','Android','PC','2015-08-11 14:32:28','{\"Gamertag\":[\"_text\",\"\"],\"Twitter Handle\":[\"_text\",\"\"]}','{\"Twitter Handle\": [\"\", \"_text\"], \"Gamertag\": [\"\", \"_text\"], \"Twitter Handle 1\": [\"\", \"_text\"]}'),(147,'bryanmytko@gmail.com','Bryan Mytko','Hearthstone: Heroes of Warcraft','iOS','PC','2015-08-11 14:32:59','{\"0.0 Main Communication Channel\":[\"Email\"],\"0.1 Have we emailed them saying we are sending them a build?\":[\"Yes\"],\"0.2 Have we added them to Apple beta list?\":[\"Yes\"],\"Gamertag\":[\"_text\",\"\"],\"Twitter Handle\":[\"_text\",\"\"]}','{\"Twitter Handle\": [\"\", \"_text\"], \"Twitter Handle 1\": [\"\", \"_text\"], \"0.0 Main Communication Channel\": [\"Email\"], \"0.2 Have we added them to Apple beta list?\": [\"Yes\"], \"0.1 Have we emailed them saying we are sending them a build?\": [\"Yes\"], \"Gamertag\": [\"\", \"_text\"]}'),(148,'ldjordan@gmail.com','Lee Jordan','Dota 2','Android','PC','2015-08-11 14:33:26','{\"Gamertag\":[\"_text\",\"\"],\"Twitter Handle\":[\"_text\",\"\"]}','{\"Twitter Handle\": [\"\", \"_text\"], \"Gamertag\": [\"\", \"_text\"], \"Twitter Handle 1\": [\"\", \"_text\"]}'),(149,'xboi209@gmail.com','xboi209','StarCraft: Brood War','iOS','PC','2015-08-12 10:30:14','{\"0.0 Main Communication Channel\":[\"Email\"],\"0.1 Have we emailed them saying we are sending them a build?\":[\"Yes\"],\"0.2 Have we added them to Apple beta list?\":[\"Yes\"],\"Gamertag\":[\"_text\",\"\"],\"Twitter Handle\":[\"_text\",\"\"]}','{\"Twitter Handle\": [\"\", \"_text\"], \"Twitter Handle 1\": [\"\", \"_text\"], \"0.0 Main Communication Channel\": [\"Email\"], \"0.2 Have we added them to Apple beta list?\": [\"Yes\"], \"0.1 Have we emailed them saying we are sending them a build?\": [\"Yes\"], \"Gamertag\": [\"\", \"_text\"]}'),(150,'jacob@jacobgreenleaf.com','Jacob Greenleaf','Heroes of Newerth','iOS','PC','2015-08-12 10:32:12','{\"0.0 Main Communication Channel\":[\"Email\"],\"0.1 Have we emailed them saying we are sending them a build?\":[\"Yes\"],\"0.2 Have we added them to Apple beta list?\":[\"Yes\"],\"Gamertag\":[\"_text\",\"\"],\"Twitter Handle\":[\"_text\",\"\"]}','{\"Twitter Handle\": [\"\", \"_text\"], \"Twitter Handle 1\": [\"\", \"_text\"], \"0.0 Main Communication Channel\": [\"Email\"], \"0.2 Have we added them to Apple beta list?\": [\"Yes\"], \"0.1 Have we emailed them saying we are sending them a build?\": [\"Yes\"], \"Gamertag\": [\"\", \"_text\"]}'),(151,'jack.wilsdon@gmail.com','Jack Wilsdon','Might & Magic: Clash of Heroes','iOS','PC','2015-08-12 10:35:11','{\"0.0 Main Communication Channel\":[\"Email\"],\"0.1 Have we emailed them saying we are sending them a build?\":[\"Yes\"],\"0.2 Have we added them to Apple beta list?\":[\"Yes\"],\"Gamertag\":[\"_text\",\"\"],\"Twitter Handle\":[\"_text\",\"\"]}','{\"Twitter Handle\": [\"\", \"_text\"], \"Twitter Handle 1\": [\"\", \"_text\"], \"0.0 Main Communication Channel\": [\"Email\"], \"0.2 Have we added them to Apple beta list?\": [\"Yes\"], \"0.1 Have we emailed them saying we are sending them a build?\": [\"Yes\"], \"Gamertag\": [\"\", \"_text\"]}'),(152,'caionmoreno1@gmail.com','Caio Moreno','Tibia','Android','PC','2015-08-12 10:36:14','{\"Gamertag\":[\"_text\",\"\"],\"Twitter Handle\":[\"_text\",\"\"]}','{\"Twitter Handle\": [\"\", \"_text\"], \"Gamertag\": [\"\", \"_text\"], \"Twitter Handle 1\": [\"\", \"_text\"]}'),(153,'guilhermelins_muarena@live.com','Guilherme Lins','Tibia','Android','PC','2015-08-12 10:37:14','{\"Gamertag\":[\"_text\",\"\"],\"Twitter Handle\":[\"_text\",\"\"]}','{\"Twitter Handle\": [\"\", \"_text\"], \"Gamertag\": [\"\", \"_text\"], \"Twitter Handle 1\": [\"\", \"_text\"]}'),(154,'a0080415@u.nus.edu','Steven Yuwono','Dota 2,Heroes of Newerth,StarCraft II,Watch Dogs','iOS','PC','2015-08-12 15:57:13','{\"0.0 Main Communication Channel\":[\"Email\"],\"0.1 Have we emailed them saying we are sending them a build?\":[\"Yes\"],\"0.2 Have we added them to Apple beta list?\":[\"Yes\"],\"01. Has user signed up to app?\":[\"Yes\"],\"Gamertag\":[\"_text\",\"\"],\"Twitter Handle\":[\"_text\",\"\"]}','{\"Twitter Handle\": [\"\", \"_text\"], \"01. Has user signed up to app?\": [\"Yes\"], \"0.0 Main Communication Channel\": [\"Email\"], \"0.2 Have we added them to Apple beta list?\": [\"Yes\"], \"Twitter Handle 1\": [\"\", \"_text\"], \"Gamertag\": [\"\", \"_text\"], \"0.1 Have we emailed them saying we are sending them a build?\": [\"Yes\"]}'),(155,'wentao.han@gmail.com','Wentao Han','Hearthstone: Heroes of Warcraft','iOS','PC','2015-08-12 15:57:55','{\"0.0 Main Communication Channel\":[\"Email\"],\"0.1 Have we emailed them saying we are sending them a build?\":[\"Yes\"],\"0.2 Have we added them to Apple beta list?\":[\"Yes\"],\"Gamertag\":[\"_text\",\"\"],\"Twitter Handle\":[\"_text\",\"\"]}','{\"Twitter Handle\": [\"\", \"_text\"], \"Twitter Handle 1\": [\"\", \"_text\"], \"0.0 Main Communication Channel\": [\"Email\"], \"0.2 Have we added them to Apple beta list?\": [\"Yes\"], \"0.1 Have we emailed them saying we are sending them a build?\": [\"Yes\"], \"Gamertag\": [\"\", \"_text\"]}'),(156,'tekems@gmail.com','Taylor Kems','Dota 2,League of Legends','Android','PC','2015-08-12 15:58:34','{\"Gamertag\":[\"_text\",\"\"],\"Twitter Handle\":[\"_text\",\"\"]}','{\"Twitter Handle\": [\"\", \"_text\"], \"Gamertag\": [\"\", \"_text\"], \"Twitter Handle 1\": [\"\", \"_text\"]}'),(157,'twisterghost@gmail.com','Michael Barrett','Dota 2,Splatoon','Android','PC','2015-08-12 15:59:14','{\"Gamertag\":[\"_text\",\"\"],\"Twitter Handle\":[\"_text\",\"\"]}','{\"Twitter Handle\": [\"\", \"_text\"], \"Gamertag\": [\"\", \"_text\"], \"Twitter Handle 1\": [\"\", \"_text\"]}'),(158,'lupuleasa.ionut@gmail.com','Lupuleasa','Dota 2,Sid Meier\'s Civilization V','Android','PC','2015-08-12 15:59:59','{\"Gamertag\":[\"_text\",\"\"],\"Twitter Handle\":[\"_text\",\"\"]}','{\"Twitter Handle\": [\"\", \"_text\"], \"Gamertag\": [\"\", \"_text\"], \"Twitter Handle 1\": [\"\", \"_text\"]}'),(159,'roloenusa@gmail.com','Sebastian Delgado','League of Legends,World of Warcraft','iOS','PC','2015-08-12 16:00:46','{\"0.0 Main Communication Channel\":[\"Email\"],\"0.1 Have we emailed them saying we are sending them a build?\":[\"Yes\"],\"0.2 Have we added them to Apple beta list?\":[\"Yes\"],\"Gamertag\":[\"_text\",\"\"],\"Twitter Handle\":[\"_text\",\"\"]}','{\"Twitter Handle\": [\"\", \"_text\"], \"Twitter Handle 1\": [\"\", \"_text\"], \"0.0 Main Communication Channel\": [\"Email\"], \"0.2 Have we added them to Apple beta list?\": [\"Yes\"], \"0.1 Have we emailed them saying we are sending them a build?\": [\"Yes\"], \"Gamertag\": [\"\", \"_text\"]}'),(160,'scottrick49@gmail.com','Scott Atkins','Dota 2','Android','PC','2015-08-12 16:01:19','{\"Gamertag\":[\"_text\",\"\"],\"Twitter Handle\":[\"_text\",\"\"]}','{\"Twitter Handle\": [\"\", \"_text\"], \"Gamertag\": [\"\", \"_text\"], \"Twitter Handle 1\": [\"\", \"_text\"]}'),(161,'snail@heeroik.com','Benjamin Sprinkle','Diablo III,World of Warcraft','Windows Mobile','PC','2015-08-12 16:02:45','{\"Gamertag\":[\"_text\",\"\"],\"Twitter Handle\":[\"_text\",\"\"]}','{\"Twitter Handle\": [\"\", \"_text\"], \"Gamertag\": [\"\", \"_text\"], \"Twitter Handle 1\": [\"\", \"_text\"]}'),(162,'snail@heeroik.com','Benjamin Sprinkle','Diablo III,World of Warcraft','Windows Mobile','PC','2015-08-12 16:02:55','{\"Gamertag\":[\"_text\",\"\"],\"Twitter Handle\":[\"_text\",\"\"]}','{\"Twitter Handle\": [\"\", \"_text\"], \"Gamertag\": [\"\", \"_text\"], \"Twitter Handle 1\": [\"\", \"_text\"]}'),(163,'snail@heeroik.com','Benjamin Sprinkle','Diablo III,World of Warcraft','Windows Mobile','PC','2015-08-12 16:02:59','{\"Gamertag\":[\"_text\",\"\"],\"Twitter Handle\":[\"_text\",\"\"]}','{\"Twitter Handle\": [\"\", \"_text\"], \"Gamertag\": [\"\", \"_text\"], \"Twitter Handle 1\": [\"\", \"_text\"]}'),(164,'hello@timmy.ws','Timmy','Garry\'s Mod','Android','PC','2015-08-12 16:03:39','{\"Gamertag\":[\"_text\",\"\"],\"Twitter Handle\":[\"_text\",\"\"]}','{\"Twitter Handle\": [\"\", \"_text\"], \"Gamertag\": [\"\", \"_text\"], \"Twitter Handle 1\": [\"\", \"_text\"]}'),(165,'hello@timmy.ws','Timmy','Garry\'s Mod','Android','PC','2015-08-12 16:03:47','{\"Gamertag\":[\"_text\",\"\"],\"Twitter Handle\":[\"_text\",\"\"]}','{\"Twitter Handle\": [\"\", \"_text\"], \"Gamertag\": [\"\", \"_text\"], \"Twitter Handle 1\": [\"\", \"_text\"]}'),(166,'sal.uncd@gmail.com','Sal','RPG Maker VX','Windows Mobile','PC','2015-08-12 16:04:41','{\"Gamertag\":[\"_text\",\"\"],\"Twitter Handle\":[\"_text\",\"\"]}','{\"Twitter Handle\": [\"\", \"_text\"], \"Gamertag\": [\"\", \"_text\"], \"Twitter Handle 1\": [\"\", \"_text\"]}'),(167,'jordan@jordanranson.com','Jordan Ranson','Monster Hunter 3 Ultimate','iOS','PC','2015-08-12 16:05:15','{\"0.0 Main Communication Channel\":[\"Email\"],\"0.1 Have we emailed them saying we are sending them a build?\":[\"Yes\"],\"0.2 Have we added them to Apple beta list?\":[\"Yes\"],\"Gamertag\":[\"_text\",\"\"],\"Twitter Handle\":[\"_text\",\"\"]}','{\"Twitter Handle\": [\"\", \"_text\"], \"Twitter Handle 1\": [\"\", \"_text\"], \"0.0 Main Communication Channel\": [\"Email\"], \"0.2 Have we added them to Apple beta list?\": [\"Yes\"], \"0.1 Have we emailed them saying we are sending them a build?\": [\"Yes\"], \"Gamertag\": [\"\", \"_text\"]}'),(168,'vipulsharma936@gmail.com','Vipul Sharma','Counter-Strike: Global Offensive','Android','PC','2015-08-12 16:05:48','{\"Gamertag\":[\"_text\",\"\"],\"Twitter Handle\":[\"_text\",\"\"]}','{\"Twitter Handle\": [\"\", \"_text\"], \"Gamertag\": [\"\", \"_text\"], \"Twitter Handle 1\": [\"\", \"_text\"]}'),(169,'vipulsharma936@gmail.com','Marcos ','','','','2015-08-12 16:06:02','{\"Gamertag\":[\"_text\",\"\"],\"Twitter Handle\":[\"_text\",\"\"]}','{\"Twitter Handle\": [\"\", \"_text\"], \"Gamertag\": [\"\", \"_text\"], \"Twitter Handle 1\": [\"\", \"_text\"]}'),(170,'marcosptf@yahoo.com.br','Marcos Paulo','The Walking Dead','Android','PC','2015-08-12 16:06:34','{\"Gamertag\":[\"_text\",\"\"],\"Twitter Handle\":[\"_text\",\"\"]}','{\"Twitter Handle\": [\"\", \"_text\"], \"Gamertag\": [\"\", \"_text\"], \"Twitter Handle 1\": [\"\", \"_text\"]}'),(171,'jesusfreke@jesusfreke.com','Jesus Freke','Elite: Dangerous','Android','PC','2015-08-12 16:07:06','{\"Gamertag\":[\"_text\",\"\"],\"Twitter Handle\":[\"_text\",\"\"]}','{\"Twitter Handle\": [\"\", \"_text\"], \"Gamertag\": [\"\", \"_text\"], \"Twitter Handle 1\": [\"\", \"_text\"]}'),(172,'michael.woolnough@gmail.com','Michael Woolnough','Minecraft','Android','PC','2015-08-12 16:07:55','{\"Gamertag\":[\"_text\",\"\"],\"Twitter Handle\":[\"_text\",\"\"]}','{\"Twitter Handle\": [\"\", \"_text\"], \"Gamertag\": [\"\", \"_text\"], \"Twitter Handle 1\": [\"\", \"_text\"]}'),(173,'salisbury.joseph@gmail.com','Joseph Salisbury','StarCraft II','Android','PC','2015-08-12 16:08:31','{\"Gamertag\":[\"_text\",\"\"],\"Twitter Handle\":[\"_text\",\"\"]}','{\"Twitter Handle\": [\"\", \"_text\"], \"Gamertag\": [\"\", \"_text\"], \"Twitter Handle 1\": [\"\", \"_text\"]}'),(174,'christian@campoli.me','Christian Campoli','Call of Duty 4: Modern Warfare','iOS','PC','2015-08-12 16:09:00','{\"0.0 Main Communication Channel\":[\"Email\"],\"0.1 Have we emailed them saying we are sending them a build?\":[\"Yes\"],\"0.2 Have we added them to Apple beta list?\":[\"Yes\"],\"Gamertag\":[\"_text\",\"\"],\"Twitter Handle\":[\"_text\",\"\"]}','{\"Twitter Handle\": [\"\", \"_text\"], \"Twitter Handle 1\": [\"\", \"_text\"], \"0.0 Main Communication Channel\": [\"Email\"], \"0.2 Have we added them to Apple beta list?\": [\"Yes\"], \"0.1 Have we emailed them saying we are sending them a build?\": [\"Yes\"], \"Gamertag\": [\"\", \"_text\"]}'),(175,'matt@hatt.co','Matt Walton','Garry\'s Mod','iOS','PC','2015-08-12 16:09:23','{\"0.0 Main Communication Channel\":[\"Email\"],\"0.1 Have we emailed them saying we are sending them a build?\":[\"Yes\"],\"0.2 Have we added them to Apple beta list?\":[\"Yes\"],\"Gamertag\":[\"_text\",\"\"],\"Twitter Handle\":[\"_text\",\"\"]}','{\"Twitter Handle\": [\"\", \"_text\"], \"Twitter Handle 1\": [\"\", \"_text\"], \"0.0 Main Communication Channel\": [\"Email\"], \"0.2 Have we added them to Apple beta list?\": [\"Yes\"], \"0.1 Have we emailed them saying we are sending them a build?\": [\"Yes\"], \"Gamertag\": [\"\", \"_text\"]}'),(176,'danieljamesfew@gmail.com','Daniel Few','Counter-Strike: Global Offensive,Garry\'s Mod','Android','PC','2015-08-14 02:08:23','{\"Gamertag\":[\"_text\",\"\"],\"Twitter Handle\":[\"_text\",\"\"]}','{\"Twitter Handle\": [\"\", \"_text\"], \"Gamertag\": [\"\", \"_text\"], \"Twitter Handle 1\": [\"\", \"_text\"]}'),(177,'fernandoconcatto@gmail.com','Fernando Concatto','World of Warcraft','Android','other','2015-08-14 02:14:32','{\"Gamertag\":[\"_text\",\"\"],\"Twitter Handle\":[\"_text\",\"\"]}','{\"Twitter Handle\": [\"\", \"_text\"], \"Gamertag\": [\"\", \"_text\"], \"Twitter Handle 1\": [\"\", \"_text\"]}'),(178,'breakds@gmail.com','Break','Monster Hunter 3 Ultimate','Android','other','2015-08-14 02:20:27','{\"Gamertag\":[\"_text\",\"\"],\"Twitter Handle\":[\"_text\",\"\"]}','{\"Twitter Handle\": [\"\", \"_text\"], \"Gamertag\": [\"\", \"_text\"], \"Twitter Handle 1\": [\"\", \"_text\"]}'),(179,'opportunities@isaacmoldofsky.com','Isaac Moldofsky','Counter-Strike: Global Offensive,StarCraft II','Android','other','2015-08-14 03:31:51','{\"Gamertag\":[\"_text\",\"\"],\"Twitter Handle\":[\"_text\",\"\"]}','{\"Twitter Handle\": [\"\", \"_text\"], \"Gamertag\": [\"\", \"_text\"], \"Twitter Handle 1\": [\"\", \"_text\"]}'),(180,'weiqqi1028@gmail.com','Vicky','Dota 2','Android','other','2015-08-14 04:23:39','{\"Gamertag\":[\"_text\",\"\"],\"Twitter Handle\":[\"_text\",\"\"]}','{\"Twitter Handle\": [\"\", \"_text\"], \"Gamertag\": [\"\", \"_text\"], \"Twitter Handle 1\": [\"\", \"_text\"]}'),(181,'dawid.warpas@gmail.com','Dawid Warpas','Hearthstone: Heroes of Warcraft,Heroes of the Storm,The Witcher,The Witcher 3: Wild Hunt','Android,iOS','PC','2015-08-14 06:38:39','{\"0.0 Main Communication Channel\":[\"Email\"],\"0.1 Have we emailed them saying we are sending them a build?\":[\"Yes\"],\"0.2 Have we added them to Apple beta list?\":[\"Yes\"],\"Gamertag\":[\"_text\",\"\"],\"Twitter Handle\":[\"_text\",\"\"]}','{\"Twitter Handle\": [\"\", \"_text\"], \"Twitter Handle 1\": [\"\", \"_text\"], \"0.0 Main Communication Channel\": [\"Email\"], \"0.2 Have we added them to Apple beta list?\": [\"Yes\"], \"0.1 Have we emailed them saying we are sending them a build?\": [\"Yes\"], \"Gamertag\": [\"\", \"_text\"]}'),(182,'pablojimenezmateo@gmail.com','Pablo Jiménez Mateo ','Mario Kart 64','Android','other','2015-08-14 13:22:34','{\"Gamertag\":[\"_text\",\"\"],\"Twitter Handle\":[\"_text\",\"\"]}','{\"Twitter Handle\": [\"\", \"_text\"], \"Gamertag\": [\"\", \"_text\"], \"Twitter Handle 1\": [\"\", \"_text\"]}'),(183,'butcraft@gmail.com','Mateus Pereira','Age of Empires II: HD Edition,Heroes of Order & Chaos,Tibia,Vainglory','iOS','other','2015-08-14 13:41:46','{\"0.0 Main Communication Channel\":[\"Email\"],\"0.1 Have we emailed them saying we are sending them a build?\":[\"Yes\"],\"0.2 Have we added them to Apple beta list?\":[\"Yes\"],\"Gamertag\":[\"_text\",\"\"],\"Twitter Handle\":[\"_text\",\"\"]}','{\"Twitter Handle\": [\"\", \"_text\"], \"Twitter Handle 1\": [\"\", \"_text\"], \"0.0 Main Communication Channel\": [\"Email\"], \"0.2 Have we added them to Apple beta list?\": [\"Yes\"], \"0.1 Have we emailed them saying we are sending them a build?\": [\"Yes\"], \"Gamertag\": [\"\", \"_text\"]}'),(184,'cassandraqs@gmail.com','Cassandra Qi','Hearthstone: Heroes of Warcraft,RPG Maker VX','iOS','other','2015-08-14 13:49:50','{\"0.0 Main Communication Channel\":[\"Email\"],\"0.1 Have we emailed them saying we are sending them a build?\":[\"Yes\"],\"0.2 Have we added them to Apple beta list?\":[\"Yes\"],\"01. Has user signed up to app?\":[\"Yes\"],\"Gamertag\":[\"_text\",\"\"],\"Twitter Handle\":[\"_text\",\"\"]}','{\"Twitter Handle\": [\"\", \"_text\"], \"01. Has user signed up to app?\": [\"Yes\"], \"0.0 Main Communication Channel\": [\"Email\"], \"0.2 Have we added them to Apple beta list?\": [\"Yes\"], \"Twitter Handle 1\": [\"\", \"_text\"], \"Gamertag\": [\"\", \"_text\"], \"0.1 Have we emailed them saying we are sending them a build?\": [\"Yes\"]}'),(185,'leo@dashsec.com','Leo Blöcher','EVE Online','Android','other','2015-08-17 00:49:36','{\"Gamertag\":[\"_text\",\"\"],\"Twitter Handle\":[\"_text\",\"\"]}','{\"Twitter Handle\": [\"\", \"_text\"], \"Gamertag\": [\"\", \"_text\"], \"Twitter Handle 1\": [\"\", \"_text\"]}'),(186,'mca640@gmail.com','mca640.','StarCraft II','Android','other','2015-08-17 01:04:55','{\"Gamertag\":[\"_text\",\"\"],\"Twitter Handle\":[\"_text\",\"\"]}','{\"Twitter Handle\": [\"\", \"_text\"], \"Gamertag\": [\"\", \"_text\"], \"Twitter Handle 1\": [\"\", \"_text\"]}'),(187,'stevenkurtscholz@gmail.com','Steven Scholz','League of Legends','other','PC','2015-08-17 01:45:08','{\"Gamertag\":[\"_text\",\"\"],\"Twitter Handle\":[\"_text\",\"\"]}','{\"Twitter Handle\": [\"\", \"_text\"], \"Gamertag\": [\"\", \"_text\"], \"Twitter Handle 1\": [\"\", \"_text\"]}'),(188,'butcraft@gmail.com','Mateus Pereira','Tibia,Vainglory','Windows Mobile,iOS','other','2015-08-17 11:37:49','{\"0.0 Main Communication Channel\":[\"Email\"],\"0.1 Have we emailed them saying we are sending them a build?\":[\"Yes\"],\"0.2 Have we added them to Apple beta list?\":[\"Yes\"],\"Gamertag\":[\"_text\",\"\"],\"Twitter Handle\":[\"_text\",\"\"]}','{\"Twitter Handle\": [\"\", \"_text\"], \"Twitter Handle 1\": [\"\", \"_text\"], \"0.0 Main Communication Channel\": [\"Email\"], \"0.2 Have we added them to Apple beta list?\": [\"Yes\"], \"0.1 Have we emailed them saying we are sending them a build?\": [\"Yes\"], \"Gamertag\": [\"\", \"_text\"]}'),(189,'noah@digitalmockingbird.com','Noah','Counter-Strike: Global Offensive,Heroes of the Storm','other','PC','2015-08-24 13:48:55','{\"Gamertag\":[\"_text\",\"\"],\"Twitter Handle\":[\"_text\",\"\"]}','{\"Twitter Handle\": [\"\", \"_text\"], \"Gamertag\": [\"\", \"_text\"], \"Twitter Handle 1\": [\"\", \"_text\"]}'),(190,'reza22.saputra@gmail.com','Reza Saputra ','Clash of Clans','Android','other','2015-08-26 14:00:00','{\"Gamertag\":[\"_text\",\"\"],\"Twitter Handle\":[\"_text\",\"\"]}','{\"Twitter Handle\": [\"\", \"_text\"], \"Gamertag\": [\"\", \"_text\"], \"Twitter Handle 1\": [\"\", \"_text\"]}'),(191,'timcc.perso@gmail.com','Timothée Carry-Caignon','Hearthstone: Heroes of Warcraft','Android','PS3','2015-08-27 12:08:52','{\"Gamertag\":[\"_text\",\"\"],\"Twitter Handle\":[\"_text\",\"\"]}','{\"Twitter Handle\": [\"\", \"_text\"], \"Gamertag\": [\"\", \"_text\"], \"Twitter Handle 1\": [\"\", \"_text\"]}'),(192,'sheldon.els@gmail.com','Sheldon Els','World of Warships','iOS','other','2015-08-29 15:06:44','{\"0.0 Main Communication Channel\":[\"Email\"],\"0.1 Have we emailed them saying we are sending them a build?\":[\"Yes\"],\"0.2 Have we added them to Apple beta list?\":[\"Yes\"],\"Gamertag\":[\"_text\",\"\"],\"Twitter Handle\":[\"_text\",\"\"]}','{\"Twitter Handle\": [\"\", \"_text\"], \"Twitter Handle 1\": [\"\", \"_text\"], \"0.0 Main Communication Channel\": [\"Email\"], \"0.2 Have we added them to Apple beta list?\": [\"Yes\"], \"0.1 Have we emailed them saying we are sending them a build?\": [\"Yes\"], \"Gamertag\": [\"\", \"_text\"]}'),(193,'lukaszewski.a@gmail.com','Andrzej Łukaszewski','Tibia','Android','other','2015-08-30 02:51:30','{\"Gamertag\":[\"_text\",\"\"],\"Twitter Handle\":[\"_text\",\"\"]}','{\"Twitter Handle\": [\"\", \"_text\"], \"Gamertag\": [\"\", \"_text\"], \"Twitter Handle 1\": [\"\", \"_text\"]}'),(194,'butcraft@gmail.com','Mateus Pereira','Agar.io,Dofus,Eternal Senia,Far Cry 3,Final Fantasy,Final Fantasy II,Final Fantasy IV,Final Fantasy V,Final Fantasy X,Final Fantasy XII,Forza Horizon 2,Game Development,Guitar Hero III: Legends of Rock,Heroes of Order & Chaos,Kingdom Hearts,League of Legends,LEGO Batman 2: DC Super Heroes,LEGO Marvel Super Heroes,LEGO Star Wars: The Complete Saga,Minecraft,Music,Oculus VR,Order & Chaos Online,RPG Maker VX,RuneScape,The Legend of Zelda: A Link to the Past,The Legend of Zelda: Ocarina of Time,The Legend of Zelda: The Wind Waker,Tibia,Vainglory,Wakfu,Watch Dogs,','other,Web,Windows Mobile,iOS','Xbox 360,PC,other','2015-10-17 18:15:05','',NULL),(195,'nickmillen98@hotmail.com','nickmillen98@hotmail.com ','','','','2015-10-30 07:22:36','',NULL),(196,'nickmillen98@hotmail.com','nickmillen98@hotmail.com ','Battlefield Hardline,Borderlands,Borderlands 2,Borderlands: The Pre-Sequel!,Call of Duty: Black Ops Zombies,Counter-Strike: Global Offensive,Dark Souls,Dark Souls II: Scholar of the First Sin,Destiny,Diablo III,Dota 2,Dragon Age: Inquisition,Fallout 3,Fallout: New Vegas,Grand Theft Auto V,League of Legends,Minecraft,Star Wars: Battlefront II,The Witcher 3: Wild Hunt,Titanfall,Uncharted 2: Among Thieves,Uncharted: Drake\'s Fortune','other','other','2015-10-30 09:51:43','',NULL),(197,'japrilzoe19@gmail.com','japril','','Android','','2015-11-30 16:53:49','',NULL);
/*!40000 ALTER TABLE `beta` ENABLE KEYS */;
UNLOCK TABLES;

--
-- Table structure for table `chat_message`
--

DROP TABLE IF EXISTS `chat_message`;
/*!40101 SET @saved_cs_client     = @@character_set_client */;
/*!40101 SET character_set_client = utf8 */;
CREATE TABLE `chat_message` (
  `id` int(11) NOT NULL AUTO_INCREMENT,
  `sender_id` int(11) DEFAULT NULL,
  `receiver_id` int(11) DEFAULT NULL,
  `game_id` int(11) DEFAULT NULL,
  `text` text,
  `time` datetime DEFAULT NULL,
  `has_attachment` tinyint(1) DEFAULT NULL,
  `viewed` tinyint(1) DEFAULT NULL,
  `admin_message` tinyint(1) NOT NULL DEFAULT '0',
  `ticket_id` int(11) DEFAULT NULL,
  PRIMARY KEY (`id`),
  KEY `ix_chat_message_receiver_id` (`receiver_id`),
  KEY `ix_chat_message_sender_id` (`sender_id`),
  KEY `chat_message_ibfk_3` (`game_id`),
  KEY `ix_chat_message_game_id` (`game_id`),
  KEY `ix_chat_message_ticket_id` (`ticket_id`),
  CONSTRAINT `chat_message_ibfk_1` FOREIGN KEY (`sender_id`) REFERENCES `player` (`id`),
  CONSTRAINT `chat_message_ibfk_2` FOREIGN KEY (`receiver_id`) REFERENCES `player` (`id`),
  CONSTRAINT `chat_message_ibfk_3` FOREIGN KEY (`game_id`) REFERENCES `game` (`id`),
  CONSTRAINT `chat_message_ibfk_4` FOREIGN KEY (`ticket_id`) REFERENCES `ticket` (`id`),
  CONSTRAINT `chat_message_ibfk_5` FOREIGN KEY (`ticket_id`) REFERENCES `ticket` (`id`)
) ENGINE=InnoDB AUTO_INCREMENT=176 DEFAULT CHARSET=utf8;
/*!40101 SET character_set_client = @saved_cs_client */;

--
-- Dumping data for table `chat_message`
--

LOCK TABLES `chat_message` WRITE;
/*!40000 ALTER TABLE `chat_message` DISABLE KEYS */;
INSERT INTO `chat_message` VALUES (1,35,30,NULL,'Hello World','2015-11-06 16:30:50',0,0,0,NULL),(2,30,31,NULL,'','2015-11-06 16:37:57',0,0,0,NULL),(3,30,31,NULL,'rrrrrr','2015-11-06 16:40:05',0,0,0,NULL),(4,30,31,NULL,'hello','2015-11-06 16:54:34',0,0,0,NULL),(5,30,31,NULL,'ok','2015-11-06 16:54:45',0,0,0,NULL),(6,30,31,NULL,'hello','2015-11-06 17:17:50',0,0,0,NULL),(7,30,31,NULL,NULL,'2015-11-06 17:18:39',0,0,0,NULL),(8,30,31,NULL,NULL,'2015-11-06 17:22:04',0,0,0,NULL),(9,30,31,NULL,NULL,'2015-11-06 17:31:00',1,0,0,NULL),(10,30,31,NULL,NULL,'2015-11-06 17:37:06',1,0,0,NULL),(11,30,31,NULL,NULL,'2015-11-06 17:43:25',1,0,0,NULL),(12,30,31,NULL,NULL,'2015-11-06 18:29:03',1,0,0,NULL),(13,30,31,NULL,NULL,'2015-11-06 19:51:25',1,0,0,NULL),(14,30,31,NULL,'test','2015-11-06 19:52:24',0,0,0,NULL),(15,30,NULL,NULL,NULL,'2015-11-07 09:48:23',1,0,0,NULL),(16,30,NULL,NULL,NULL,'2015-11-07 09:50:14',1,0,0,NULL),(17,30,31,NULL,NULL,'2015-11-08 08:28:47',1,0,0,NULL),(18,30,31,NULL,NULL,'2015-11-08 08:29:22',1,0,0,NULL),(19,30,31,NULL,'test ooo','2015-11-08 08:39:34',0,0,0,NULL),(20,30,31,NULL,'hello','2015-11-08 09:43:21',0,0,0,NULL),(21,30,31,NULL,NULL,'2015-11-08 09:48:01',1,0,0,NULL),(22,30,31,NULL,'Yes','2015-11-08 11:58:55',0,1,0,NULL),(23,30,31,NULL,'Makes sense ','2015-11-08 11:59:00',0,1,0,NULL),(24,30,31,NULL,'Yes','2015-11-08 12:01:24',0,1,0,NULL),(25,30,31,NULL,NULL,'2015-11-08 12:12:04',1,1,0,NULL),(26,30,31,NULL,'Yes','2015-11-08 12:12:24',0,1,0,NULL),(27,31,30,NULL,'Test','2015-11-08 15:16:48',0,1,0,NULL),(28,31,30,NULL,'Your gay','2015-11-08 15:16:53',0,1,0,NULL),(29,31,30,NULL,'But then so what','2015-11-08 15:17:09',0,1,0,NULL),(30,30,31,NULL,'You got this','2015-11-08 15:59:39',0,1,0,NULL),(31,30,31,NULL,'Test','2015-11-08 18:03:58',0,1,0,NULL),(32,31,30,NULL,'Test','2015-11-08 18:04:16',0,1,0,NULL),(33,31,30,NULL,'Experiencing a delay of about ','2015-11-08 18:04:30',0,1,0,NULL),(34,30,31,NULL,'Here is a message','2015-11-08 18:04:36',0,1,0,NULL),(35,31,30,NULL,'7 seconds before it shows on the screen','2015-11-08 18:04:48',0,1,0,NULL),(36,30,31,NULL,'A','2015-11-08 18:05:33',0,1,0,NULL),(37,31,30,NULL,'Can you send a pic?','2015-11-08 18:05:37',0,1,0,NULL),(38,30,31,NULL,'Instant my side','2015-11-08 18:05:38',0,1,0,NULL),(39,30,31,NULL,NULL,'2015-11-08 18:05:55',1,1,0,NULL),(40,30,31,NULL,'Sent','2015-11-08 18:06:02',0,1,0,NULL),(41,31,30,NULL,NULL,'2015-11-08 18:06:12',1,1,0,NULL),(42,31,30,NULL,NULL,'2015-11-08 18:06:36',1,1,0,NULL),(43,31,30,NULL,'Not sending photos- maybe connection my side but tried twice','2015-11-08 18:06:51',0,1,0,NULL),(44,30,31,NULL,'I just got one','2015-11-08 18:07:02',0,1,0,NULL),(45,31,30,NULL,'Ah there it is- was a delay given connection','2015-11-08 18:07:05',0,1,0,NULL),(46,30,31,NULL,'Some woman at market ','2015-11-08 18:07:06',0,1,0,NULL),(47,31,30,NULL,'I\'ve tried sending twice so sending pic should come through soon','2015-11-08 18:07:21',0,1,0,NULL),(48,31,30,NULL,'Yeh','2015-11-08 18:07:26',0,1,0,NULL),(49,30,31,NULL,'What\'s the pic of','2015-11-08 18:07:32',0,1,0,NULL),(50,31,30,NULL,'Signals terrible so maybe best testing in 2hours from now ','2015-11-08 18:10:12',0,1,0,NULL),(51,31,30,NULL,'Market ','2015-11-08 19:40:48',0,1,0,NULL),(52,31,30,NULL,'Ok so I\'ve got great connection now and delay time is','2015-11-08 19:41:07',0,1,0,NULL),(53,31,30,NULL,'3seconds','2015-11-08 19:41:13',0,1,0,NULL),(54,31,30,NULL,'Nope now 8 again','2015-11-08 19:41:31',0,1,0,NULL),(55,31,30,NULL,'That was longer than 8seconds','2015-11-08 19:42:04',0,1,0,NULL),(56,31,30,NULL,'Test','2015-11-08 21:16:48',0,1,0,NULL),(57,31,30,NULL,'That test was 11seconds delay- let\'s discuss tomorrow why','2015-11-08 21:17:17',0,1,0,NULL),(58,31,30,NULL,'Ha & that last message was instant','2015-11-08 21:17:28',0,1,0,NULL),(59,31,30,NULL,'& then last one was 12seconds delay','2015-11-08 21:17:58',0,1,0,NULL),(60,31,30,NULL,'(Instant again)','2015-11-08 21:18:07',0,1,0,NULL),(61,31,30,NULL,'& again','2015-11-08 21:18:13',0,1,0,NULL),(62,30,31,NULL,'testing leaderboard chat','2015-11-09 10:33:24',0,0,0,NULL),(63,30,31,NULL,NULL,'2015-11-09 10:34:03',1,0,0,NULL),(64,30,31,NULL,NULL,'2015-11-09 10:37:25',1,0,0,NULL),(65,30,31,NULL,NULL,'2015-11-09 10:38:08',1,0,0,NULL),(66,30,31,NULL,NULL,'2015-11-09 10:38:48',1,0,0,NULL),(67,30,31,NULL,NULL,'2015-11-09 10:39:19',1,0,0,NULL),(68,30,31,NULL,'seems all ok here','2015-11-09 10:39:49',0,0,0,NULL),(69,30,31,149,'here bet chat','2015-11-09 10:40:25',0,0,0,NULL),(70,30,31,149,'another yet','2015-11-09 10:44:58',0,0,0,NULL),(71,30,31,149,'once again','2015-11-09 10:47:33',0,0,0,NULL),(72,30,31,149,'test','2015-11-09 10:51:31',0,0,0,NULL),(73,30,31,149,'tttt','2015-11-09 11:11:48',0,0,0,NULL),(74,30,31,149,'c','2015-11-09 11:13:15',0,0,0,NULL),(75,30,31,149,'bet into privet','2015-11-09 11:16:35',0,0,0,NULL),(76,30,31,NULL,'hello one','2015-11-09 11:19:32',0,0,0,NULL),(77,30,31,149,NULL,'2015-11-09 11:23:46',1,0,0,NULL),(78,30,31,149,NULL,'2015-11-09 11:28:55',1,0,0,NULL),(79,30,31,149,NULL,'2015-11-09 11:30:36',1,0,0,NULL),(80,30,31,NULL,'hello','2015-11-09 11:52:13',0,0,0,NULL),(81,30,31,NULL,'hi','2015-11-09 11:52:40',0,0,0,NULL),(82,30,31,NULL,'one more','2015-11-09 11:53:43',0,0,0,NULL),(83,30,31,NULL,'vvvv','2015-11-09 11:54:45',0,0,0,NULL),(84,30,31,NULL,'ggg','2015-11-09 11:54:50',0,0,0,NULL),(85,30,31,NULL,'ho','2015-11-09 11:54:57',0,0,0,NULL),(86,30,31,149,'oooo','2015-11-09 11:55:13',0,0,0,NULL),(87,30,31,149,'Per bet','2015-11-09 13:35:47',0,0,0,NULL),(88,30,31,NULL,'This is seperate','2015-11-09 13:36:08',0,0,0,NULL),(89,30,31,149,'bet bet','2015-11-10 08:24:01',0,0,0,NULL),(90,30,31,NULL,'single ','2015-11-10 08:24:18',0,0,0,NULL),(91,30,31,NULL,NULL,'2015-11-10 08:24:44',1,0,0,NULL),(92,30,31,155,'hha','2015-11-10 18:23:24',0,0,0,NULL),(93,36,30,157,'hey ','2015-11-10 19:07:36',0,1,0,NULL),(94,30,36,157,'oga','2015-11-10 19:08:35',0,0,0,NULL),(95,30,31,166,'This bet','2015-11-12 00:22:04',0,0,0,NULL),(96,30,31,166,'Live test ','2015-11-12 00:27:11',0,0,0,NULL),(97,30,31,167,'As monaco','2015-11-12 00:47:56',0,0,0,NULL),(98,30,31,167,'What u think','2015-11-12 00:48:00',0,0,0,NULL),(99,30,31,168,'Yo','2015-11-12 12:00:23',0,1,0,NULL),(100,30,31,168,'Sup','2015-11-12 12:02:08',0,1,0,NULL),(101,30,31,168,NULL,'2015-11-12 12:02:30',1,1,0,NULL),(102,31,30,168,'Bitch better have my money!','2015-11-12 12:02:32',0,1,0,NULL),(103,30,36,173,'Привет','2015-11-12 18:23:58',0,1,0,NULL),(104,36,30,173,'hi','2015-11-12 18:24:10',0,1,0,NULL),(105,36,30,173,NULL,'2015-11-12 18:26:24',1,1,0,NULL),(106,36,30,173,'hi','2015-11-12 19:34:02',0,0,0,NULL),(107,36,30,173,'au','2015-11-12 19:34:15',0,0,0,NULL),(108,36,30,173,'hello','2015-11-12 19:35:45',0,0,0,NULL),(109,36,30,173,'ok?','2015-11-12 19:38:56',0,0,0,NULL),(110,36,30,173,'sure','2015-11-12 19:55:02',0,0,0,NULL),(111,36,30,173,'ok','2015-11-12 19:55:09',0,0,0,NULL),(112,36,30,173,'hello','2015-11-12 20:04:49',0,0,0,NULL),(113,36,30,NULL,'hello','2015-11-12 20:37:31',0,0,0,NULL),(114,36,30,NULL,'here','2015-11-12 20:38:57',0,0,0,NULL),(115,36,30,NULL,NULL,'2015-11-12 20:39:18',1,0,0,NULL),(116,36,30,NULL,'hi','2015-11-12 22:42:44',0,0,0,NULL),(117,36,30,NULL,NULL,'2015-11-12 22:43:11',1,0,0,NULL),(118,36,30,NULL,'ok?','2015-11-12 22:43:34',0,0,0,NULL),(119,30,31,179,'Yo','2015-11-13 00:59:46',0,1,0,NULL),(120,30,36,181,'Bg','2015-11-13 11:03:38',0,0,0,NULL),(121,30,31,177,'Yeah','2015-11-13 11:14:56',0,0,0,NULL),(122,30,31,179,'What\'s your id','2015-11-13 11:55:31',0,1,0,NULL),(123,30,60,NULL,'Yo','2015-11-17 12:02:22',0,0,0,NULL),(124,30,31,184,'Hg','2015-11-24 15:21:46',0,0,0,NULL),(125,36,30,158,'what u doing?','2015-12-04 15:27:38',0,0,0,NULL),(126,36,30,158,'message1','2015-12-04 15:33:06',0,0,0,NULL),(127,36,30,158,NULL,'2015-12-04 15:38:46',1,0,0,NULL),(128,36,30,158,NULL,'2015-12-07 11:44:41',1,0,0,NULL),(129,36,30,158,NULL,'2015-12-07 11:45:48',1,0,0,NULL),(130,36,30,158,NULL,'2015-12-07 12:15:23',1,0,0,NULL),(131,36,30,158,NULL,'2015-12-07 12:26:11',1,0,0,NULL),(132,36,30,158,'long message long message very long message message long this is a long message','2015-12-07 12:37:22',0,0,0,NULL),(133,36,30,158,'ops','2015-12-07 13:53:25',0,0,0,NULL),(134,36,30,158,'cvvbnkgv nnng\nCNBC hvv','2015-12-07 14:10:32',0,0,0,NULL),(135,36,30,158,'test ','2015-12-07 14:13:08',0,0,0,NULL),(136,36,30,199,'one','2015-12-07 14:53:14',0,1,0,NULL),(137,36,30,199,'two','2015-12-07 14:53:44',0,1,0,NULL),(138,30,36,199,'3','2015-12-07 14:54:35',0,1,0,NULL),(139,36,30,199,NULL,'2015-12-07 14:55:22',1,1,0,NULL),(140,36,30,199,NULL,'2015-12-07 14:56:41',1,1,0,NULL),(141,30,36,199,'Hello','2015-12-07 15:07:26',0,1,0,NULL),(142,30,31,207,'Test','2015-12-07 20:19:41',0,1,0,NULL),(143,31,30,207,'Test','2015-12-07 20:19:48',0,1,0,NULL),(144,30,31,207,'Yes','2015-12-07 20:20:05',0,1,0,NULL),(145,36,30,158,'test','2015-12-07 20:56:15',0,0,0,NULL),(146,30,36,199,'push test','2015-12-07 21:55:29',0,0,0,NULL),(147,30,36,199,'0000','2015-12-07 21:55:43',0,0,0,NULL),(148,36,30,158,'mmmm','2015-12-08 21:02:36',0,0,0,NULL),(149,30,31,207,'Test','2015-12-08 22:18:21',0,0,0,NULL),(150,36,30,211,'hi','2015-12-11 14:20:53',0,1,0,NULL),(151,30,36,211,'Hey','2015-12-11 14:21:12',0,1,0,NULL),(152,36,30,211,'testing','2015-12-11 14:21:24',0,1,0,NULL),(153,36,30,217,'why!!!','2015-12-14 09:28:41',0,1,0,NULL),(154,30,36,217,'Hey','2015-12-14 09:29:00',0,1,0,NULL),(155,36,30,217,'testing chat and abort ','2015-12-14 09:29:23',0,1,0,NULL),(156,30,36,217,'Cool anything I can help with?','2015-12-14 09:29:36',0,1,0,NULL),(157,36,30,217,'after new build will be ready','2015-12-14 09:30:17',0,1,0,NULL),(158,30,36,217,'Ok cool','2015-12-14 09:30:24',0,1,0,NULL),(159,30,36,217,'How don\'t touch anything please ','2015-12-14 09:31:34',0,1,0,NULL),(160,36,30,217,'Now I meat','2015-12-14 09:32:09',0,1,0,NULL),(161,30,31,220,'Hey','2015-12-14 16:22:14',0,1,0,NULL),(162,31,30,220,'Sup','2015-12-14 16:22:21',0,1,0,NULL),(163,31,30,220,'Yes','2015-12-14 16:22:27',0,1,0,NULL),(164,31,30,220,'And','2015-12-14 16:22:33',0,1,0,NULL),(165,30,31,220,'Hey','2015-12-14 16:31:54',0,1,0,NULL),(166,30,31,223,'Sup','2015-12-15 19:41:43',0,1,0,NULL),(167,30,31,223,'What\'s your gamertag','2015-12-15 19:41:51',0,1,0,NULL),(168,31,30,223,'Why you asking!?','2015-12-15 19:42:02',0,1,0,NULL),(169,30,31,223,'Yo','2015-12-15 19:49:48',0,1,0,NULL),(170,30,31,223,'Are you here? ','2015-12-15 19:49:54',0,1,0,NULL),(171,31,30,223,'Yes','2015-12-15 19:50:01',0,1,0,NULL),(172,30,31,223,NULL,'2015-12-15 19:50:45',1,1,0,NULL),(173,30,31,223,NULL,'2015-12-15 19:51:31',1,1,0,NULL),(174,30,31,223,'Absolutely','2015-12-15 19:54:01',0,1,0,NULL),(175,30,31,223,'Goallll','2015-12-15 19:54:05',0,1,0,NULL);
/*!40000 ALTER TABLE `chat_message` ENABLE KEYS */;
UNLOCK TABLES;

--
-- Table structure for table `device`
--

DROP TABLE IF EXISTS `device`;
/*!40101 SET @saved_cs_client     = @@character_set_client */;
/*!40101 SET character_set_client = utf8 */;
CREATE TABLE `device` (
  `id` int(11) NOT NULL AUTO_INCREMENT,
  `player_id` int(11) DEFAULT NULL,
  `push_token` varchar(128) DEFAULT NULL,
  `last_login` datetime DEFAULT NULL,
  `failed` tinyint(1) DEFAULT '0',
  PRIMARY KEY (`id`),
  KEY `ix_device_player_id` (`player_id`),
  CONSTRAINT `device_ibfk_1` FOREIGN KEY (`player_id`) REFERENCES `player` (`id`)
) ENGINE=InnoDB AUTO_INCREMENT=226 DEFAULT CHARSET=utf8;
/*!40101 SET character_set_client = @saved_cs_client */;

--
-- Dumping data for table `device`
--

LOCK TABLES `device` WRITE;
/*!40000 ALTER TABLE `device` DISABLE KEYS */;
INSERT INTO `device` VALUES (46,30,'a4c71294689e8bd0a7f975afd868e60cb3edd98499b66b4223a185898c180dd2','2015-11-06 17:54:34',1),(48,32,NULL,'2015-08-20 11:19:20',0),(49,33,NULL,'2015-10-07 11:50:20',0),(50,34,NULL,'2015-08-03 13:43:25',0),(51,35,NULL,'2015-11-06 15:48:09',0),(52,36,'a4c71294689e8bd0a7f975afd868e60cb3edd98499b66b4223a185898c180dd2','2015-10-28 13:02:50',0),(53,37,NULL,'2015-08-21 14:38:15',0),(54,38,NULL,'2015-08-25 16:51:02',0),(55,39,NULL,'2015-08-22 13:58:39',0),(58,31,'8bbcf5b3a2b6e0393f9979addb64d61ae609e18fda4e5537434f21ead00a94e7','2016-01-04 14:12:31',0),(59,40,'835608571a339351673817c949375c08dac14fac1a6c5a72481c01401e30e90e','2015-08-29 23:58:17',0),(60,40,NULL,'2015-08-29 23:58:17',0),(67,41,'a4c71294689e8bd0a7f975afd868e60cb3edd98499b66b4223a185898c180dd2','2015-10-13 15:28:28',0),(68,41,NULL,'2015-09-07 15:27:06',0),(73,43,'79b9c56221795fa6c0528f360eae212627ab3844212e4db2c4e618b8113a29e3','2015-09-13 06:30:27',0),(74,45,'2f07ec507752c4dfb21656386f4e39f082b2c9dab1f72fc3bfb3a82ecd813f7a','2015-09-14 03:47:02',0),(75,46,'63decfc4e2e7ab37af709dca676774740d18a8df0988392618dc49c7888e79d6','2015-09-28 11:02:47',0),(76,47,'aeb66a2033bbe0dd5bb9c24e85f7e6855e43c380820a751a823ed466affb625c','2015-10-21 16:42:12',0),(77,45,NULL,'2015-09-14 03:47:02',0),(78,48,'2a91d660a28c4fbabe31e4803e4cf226fdef9252fa9cec06710f6f5a660ea8d1','2015-10-29 10:58:41',0),(79,49,'2c2b8d3b678e9cc134dd37c44a3c390d15f5f202ac8707764ec1c7e60388a656','2015-09-13 14:21:36',0),(80,50,'c7af1c8df078154acacace80f51aeb9c3b99450b5aa2e36444eaa260bc55d7d3','2015-10-26 13:59:58',0),(81,50,NULL,'2015-10-26 13:59:58',0),(83,51,'4140bc8a6c2504d6419aa5c6beec9e87fc9362e7bc38aac1c8552196c9f018fd','2015-09-15 03:40:53',0),(84,52,'79b9c56221795fa6c0528f360eae212627ab3844212e4db2c4e618b8113a29e3','2015-10-27 23:29:19',0),(85,47,NULL,'2015-10-21 16:42:12',0),(86,54,'d446486d894a2bfd5a1f6da64d505471113fbce0d210be9e0c751cb2fa61433a','2015-09-14 20:16:33',0),(87,55,'4f40bfc1e75898f69586834920730ffc67eb8cc789f9e1390a176f80bd80092e','2015-09-14 16:09:29',0),(88,56,'56c49b4a83f0374d34acbcf4b04aa75bbefd67a4ffeaffb0bcc9e9b00078ce20','2015-09-15 00:56:31',0),(89,57,'263d8013c7fe94a05f247505023e99610a501c2ccb0a262c6aac8f44ec519c74','2015-09-15 02:33:38',0),(91,58,'93fd7e548916a846560f666e4d6217ce79442e47f0fb841a54296a538168a89a','2015-10-17 18:15:44',0),(93,59,'b9e1b4f8368a3abc9dd6b77894e83e022600b65eab641de2aab5ca094e1a14a1','2015-09-22 04:24:01',0),(96,58,NULL,'2015-10-17 18:26:53',0),(108,36,'cb3f16246ca61ddbecc138f322f1bd454418679e4c783f811c3a6c05562cc8f8','2015-12-07 21:32:16',1),(110,62,NULL,'2015-10-15 17:03:48',0),(114,30,NULL,'2016-01-04 22:39:57',0),(119,63,'a4c71294689e8bd0a7f975afd868e60cb3edd98499b66b4223a185898c180dd2','2015-10-23 16:01:05',0),(120,64,'6cb3db71c32956cf96ceb28c2c06f090130cdb3126bf27ffe55d7a042831a799','2015-10-24 00:51:36',0),(121,65,NULL,'2015-11-25 17:35:12',0),(123,42,NULL,'2015-10-26 12:53:31',0),(130,30,'25eb04e08a092ae1ac41c114d55562d923563f02497bdd4214e71196e4264050','2015-11-06 18:01:15',1),(131,30,'1f33975e8e881aac88b11077ec42cf6d57f0649001eb28a241447f869870920a','2015-11-08 08:57:30',1),(133,30,NULL,'2015-12-22 02:56:26',0),(137,31,NULL,'2016-01-04 17:57:22',0),(141,30,NULL,'2015-11-12 22:29:09',0),(143,36,'7441c0c8a847bc54e2d747497c195214208b640bfd825fd596b9982f48e479e0','2015-12-07 22:02:08',0),(144,30,NULL,'2015-11-12 19:32:35',0),(145,30,NULL,'2015-11-12 22:41:38',0),(146,30,NULL,'2015-11-13 11:14:11',0),(147,30,NULL,'2015-11-13 19:12:55',0),(148,30,NULL,'2015-11-13 21:04:04',0),(149,30,NULL,'2015-11-13 21:48:01',0),(150,30,NULL,'2015-11-14 04:49:52',0),(152,30,NULL,'2015-11-16 14:25:40',0),(153,30,NULL,'2015-11-17 12:01:44',0),(154,30,NULL,'2015-11-19 11:29:43',0),(155,30,NULL,'2015-11-20 04:09:08',0),(156,30,NULL,'2015-11-22 13:14:05',0),(157,30,NULL,'2015-11-24 14:54:12',0),(158,31,NULL,'2015-11-25 14:22:05',0),(159,30,NULL,'2015-11-24 15:20:11',0),(160,30,NULL,'2015-11-24 20:57:25',0),(161,30,NULL,'2015-11-25 13:38:29',0),(162,30,NULL,'2015-11-25 17:34:46',0),(163,30,NULL,'2015-11-25 18:33:30',0),(164,31,NULL,'2015-11-25 22:29:33',0),(165,30,NULL,'2015-11-25 20:52:57',0),(166,30,NULL,'2015-12-01 13:03:56',0),(167,67,NULL,'2015-12-13 20:26:16',0),(168,30,NULL,'2015-12-07 15:11:04',0),(169,31,NULL,'2015-12-02 13:23:40',0),(170,31,NULL,'2015-12-05 20:02:03',0),(171,31,'9670c777b61f1f21e9d1ea03583e85c4d601430bf873429c1dd681d056490fcb','2015-12-09 19:08:37',0),(172,30,NULL,'2015-12-08 21:05:09',0),(173,36,'a6b4aadc2a62222ddf7c1ca19d65ef2018078e789998bdf48506979951d6f620','2015-12-07 22:42:45',1),(174,36,'5aeec3e712ab764a1957f8cdc65d3def499e2b1013a21f0e295e45828b923438','2015-12-07 22:45:07',0),(175,36,'4835ab4cc0811a5a60e48dce8ee5f13031d4e0ecf2b4980301d6449a1cc20b6d','2015-12-07 22:45:08',1),(176,36,'da4fb0ea76e186bf24f3c4f67aa6cdb400fea2f5403978e3f34ca5d6ad6792a6','2015-12-08 20:57:54',0),(177,36,'428c7ec3771f6463a1d905d4b1ab1c16858fca65611f0b031e2fa8e872ed0fdb','2015-12-09 19:43:47',1),(178,36,'1a9b65a259127527a753b0c80a3ae6920dfd974a681f677cc3ce4220e250e3d8','2015-12-19 15:02:34',1),(179,30,'c79fbe8a695c54ae633e2c99f8576b9a0deb2fbaa3d8765f18a42d7cd2a14826','2015-12-09 14:25:03',0),(180,30,NULL,'2015-12-11 16:22:51',0),(181,31,NULL,'2015-12-16 14:12:38',0),(182,36,'b0815116c4f6cb16060de50a8110e30bed2e610cb84c69e92c9c181c288f927e','2015-12-20 09:41:39',0),(183,30,NULL,'2015-12-12 02:04:05',0),(184,30,NULL,'2015-12-15 15:04:56',0),(185,68,'7dbaad15df201d55075593e6da45c595b6de8e5bd1e294c9062387df370c4731','2015-12-15 16:29:10',0),(186,30,NULL,'2015-12-18 00:38:22',0),(187,36,'fbeacdd2be5be36136f106e03f189a1435ac39ff618f204be879d53a9b1ed6db','2015-12-20 09:48:52',0),(188,36,'298fddf485cbb931593caa037b8e0f98363dbed9baad3ebae9d8bba847403faf','2016-01-04 10:02:33',0),(190,36,NULL,'2016-01-04 10:02:33',0),(194,70,NULL,'2015-12-24 23:52:44',0),(195,70,NULL,'2015-12-24 21:21:23',0),(196,71,NULL,'2015-12-25 00:33:01',0),(197,30,NULL,'2016-01-04 00:27:55',0),(198,72,NULL,'2016-01-04 23:20:47',0),(199,73,NULL,'2016-01-01 20:02:14',0),(200,74,NULL,'2016-01-01 20:03:20',0),(201,75,NULL,'2016-01-01 20:07:02',0),(202,76,NULL,'2016-01-04 23:39:06',0),(203,77,NULL,'2016-01-02 02:13:16',0),(204,78,NULL,'2016-01-02 02:15:29',0),(205,79,NULL,'2016-01-02 02:19:50',0),(206,80,NULL,'2016-01-02 03:26:02',0),(207,81,NULL,'2016-01-02 03:27:25',0),(208,82,NULL,'2016-01-02 03:35:56',0),(209,83,NULL,'2016-01-02 13:34:47',0),(210,84,NULL,'2016-01-02 13:45:04',0),(211,85,NULL,'2016-01-02 13:47:49',0),(212,86,NULL,'2016-01-02 13:58:11',0),(213,87,NULL,'2016-01-02 14:00:36',0),(214,88,NULL,'2016-01-02 14:02:17',0),(215,89,NULL,'2016-01-02 14:04:19',0),(216,90,NULL,'2016-01-02 17:59:34',0),(217,91,NULL,'2016-01-02 19:21:09',0),(218,92,NULL,'2016-01-02 19:29:13',0),(219,93,NULL,'2016-01-02 19:36:25',0),(220,94,NULL,'2016-01-04 01:00:46',0),(221,95,NULL,'2016-01-04 00:36:22',0),(222,96,NULL,'2016-01-05 02:17:06',0),(223,97,NULL,'2016-01-04 23:21:27',0),(224,95,'a6361b3d6928067aea0a4873c7c96b3cfb50254e8535e9e983b3fdaa1343122b','2016-01-04 21:12:28',0),(225,99,NULL,'2016-01-05 17:08:07',0);
/*!40000 ALTER TABLE `device` ENABLE KEYS */;
UNLOCK TABLES;

--
-- Table structure for table `event`
--

DROP TABLE IF EXISTS `event`;
/*!40101 SET @saved_cs_client     = @@character_set_client */;
/*!40101 SET character_set_client = utf8 */;
CREATE TABLE `event` (
  `id` int(11) NOT NULL AUTO_INCREMENT,
  `root_id` int(11) NOT NULL,
  `time` datetime DEFAULT NULL,
  `type` enum('message','system','betstate','abort','report') NOT NULL,
  `message_id` int(11) DEFAULT NULL,
  `game_id` int(11) DEFAULT NULL,
  `text` text,
  `newstate` varchar(128) DEFAULT NULL,
  PRIMARY KEY (`id`),
  KEY `message_id` (`message_id`),
  KEY `game_id` (`game_id`),
  KEY `ix_event_root_id` (`root_id`),
  KEY `ix_event_time` (`time`),
  CONSTRAINT `event_ibfk_1` FOREIGN KEY (`root_id`) REFERENCES `game` (`id`),
  CONSTRAINT `event_ibfk_2` FOREIGN KEY (`message_id`) REFERENCES `chat_message` (`id`),
  CONSTRAINT `event_ibfk_3` FOREIGN KEY (`game_id`) REFERENCES `game` (`id`)
) ENGINE=InnoDB AUTO_INCREMENT=318 DEFAULT CHARSET=utf8;
/*!40101 SET character_set_client = @saved_cs_client */;

--
-- Dumping data for table `event`
--

LOCK TABLES `event` WRITE;
/*!40000 ALTER TABLE `event` DISABLE KEYS */;
INSERT INTO `event` VALUES (1,55,'2015-12-01 21:34:20','betstate',NULL,201,NULL,'new'),(2,55,'2015-12-01 21:34:20','betstate',NULL,202,NULL,'new'),(3,55,'2015-12-01 21:35:08','betstate',NULL,203,NULL,'new'),(4,55,'2015-12-01 21:36:46','betstate',NULL,204,NULL,'new'),(5,55,'2015-12-01 21:52:02','abort',NULL,201,NULL,NULL),(6,158,'2015-12-04 15:27:38','message',125,NULL,NULL,NULL),(7,158,'2015-12-04 15:33:06','message',126,NULL,NULL,NULL),(8,158,'2015-12-04 15:38:46','message',127,NULL,NULL,NULL),(9,55,'2015-12-05 02:47:04','abort',NULL,201,NULL,NULL),(10,55,'2015-12-05 02:47:08','abort',NULL,201,NULL,NULL),(11,205,'2015-12-05 20:04:03','betstate',NULL,205,NULL,'new'),(12,158,'2015-12-07 11:44:42','message',128,NULL,NULL,NULL),(13,158,'2015-12-07 11:45:49','message',129,NULL,NULL,NULL),(14,158,'2015-12-07 12:15:23','message',130,NULL,NULL,NULL),(15,158,'2015-12-07 12:26:11','message',131,NULL,NULL,NULL),(16,158,'2015-12-07 12:37:22','message',132,NULL,NULL,NULL),(17,158,'2015-12-07 13:53:25','message',133,NULL,NULL,NULL),(18,158,'2015-12-07 14:10:32','message',134,NULL,NULL,NULL),(19,158,'2015-12-07 14:13:08','message',135,NULL,NULL,NULL),(20,199,'2015-12-07 14:53:14','message',136,NULL,NULL,NULL),(21,199,'2015-12-07 14:53:44','message',137,NULL,NULL,NULL),(22,199,'2015-12-07 14:54:35','message',138,NULL,NULL,NULL),(23,199,'2015-12-07 14:55:22','message',139,NULL,NULL,NULL),(24,199,'2015-12-07 14:56:41','message',140,NULL,NULL,NULL),(27,199,'2015-12-07 15:07:26','message',141,NULL,NULL,NULL),(28,199,'2015-12-07 15:11:13','betstate',NULL,199,NULL,'accepted'),(29,199,'2015-12-07 15:12:14','betstate',NULL,199,'Watching failed due to internal error','finished'),(30,206,'2015-12-07 20:18:05','betstate',NULL,206,NULL,'new'),(31,207,'2015-12-07 20:18:14','betstate',NULL,207,NULL,'new'),(32,207,'2015-12-07 20:19:01','betstate',NULL,207,NULL,'accepted'),(33,207,'2015-12-07 20:19:41','message',142,NULL,NULL,NULL),(34,207,'2015-12-07 20:19:48','message',143,NULL,NULL,NULL),(35,207,'2015-12-07 20:20:05','message',144,NULL,NULL,NULL),(36,199,'2015-12-07 20:39:15','system',NULL,199,'Twitch: wrong game running, waiting',NULL),(37,207,'2015-12-07 20:39:18','system',NULL,207,'Twitch: stream is offline, waiting',NULL),(38,207,'2015-12-07 20:39:51','system',NULL,207,'Twitch: stream is offline, waiting',NULL),(39,199,'2015-12-07 20:40:16','betstate',NULL,199,'Watching failed due to internal error','finished'),(40,207,'2015-12-07 20:40:24','system',NULL,207,'Twitch: stream is offline, waiting',NULL),(41,207,'2015-12-07 20:40:57','system',NULL,207,'Twitch: stream is offline, waiting',NULL),(42,207,'2015-12-07 20:41:30','system',NULL,207,'Twitch: stream is offline, waiting',NULL),(43,199,'2015-12-07 20:41:35','system',NULL,199,'Twitch: wrong game running, waiting',NULL),(44,207,'2015-12-07 20:41:37','system',NULL,207,'Twitch: stream is offline, waiting',NULL),(45,207,'2015-12-07 20:42:10','system',NULL,207,'Twitch: stream is offline, waiting',NULL),(46,199,'2015-12-07 20:42:36','betstate',NULL,199,'Watching failed due to internal error','finished'),(47,207,'2015-12-07 20:42:43','system',NULL,207,'Twitch: stream is offline, waiting',NULL),(48,207,'2015-12-07 20:43:16','system',NULL,207,'Twitch: stream is offline, waiting',NULL),(49,207,'2015-12-07 20:43:49','system',NULL,207,'Twitch: stream is offline, waiting',NULL),(50,207,'2015-12-07 20:44:22','system',NULL,207,'Twitch: stream is offline, waiting',NULL),(51,207,'2015-12-07 20:44:56','system',NULL,207,'Twitch: stream is offline, waiting',NULL),(52,207,'2015-12-07 20:45:30','system',NULL,207,'Twitch: stream is offline, waiting',NULL),(53,207,'2015-12-07 20:46:04','system',NULL,207,'Twitch: stream is offline, waiting',NULL),(54,207,'2015-12-07 20:46:39','system',NULL,207,'Twitch: stream is offline, waiting',NULL),(55,207,'2015-12-07 20:47:44','system',NULL,207,'Twitch: stream is offline, waiting',NULL),(56,207,'2015-12-07 20:48:18','system',NULL,207,'Twitch: stream is offline, waiting',NULL),(57,199,'2015-12-07 20:48:41','system',NULL,199,'Twitch: wrong game running, waiting',NULL),(58,207,'2015-12-07 20:48:50','system',NULL,207,'Twitch: stream is offline, waiting',NULL),(59,199,'2015-12-07 20:49:25','system',NULL,199,'Twitch: wrong game running, waiting',NULL),(60,207,'2015-12-07 20:49:28','system',NULL,207,'Twitch: stream is offline, waiting',NULL),(61,158,'2015-12-07 20:56:15','message',145,NULL,NULL,NULL),(63,158,'2015-12-07 21:02:40','system',NULL,158,'System message',NULL),(64,158,'2015-12-07 21:02:49','betstate',NULL,158,'betstate message','new'),(65,158,'2015-12-07 21:02:57','abort',NULL,158,'Abort game message',NULL),(66,158,'2015-12-07 21:25:44','system',NULL,158,'System message',NULL),(67,158,'2015-12-07 21:26:46','betstate',NULL,158,'betstate message','new'),(68,158,'2015-12-07 21:28:26','system',NULL,158,'System message',NULL),(69,158,'2015-12-07 21:28:34','betstate',NULL,158,'betstate message','new'),(70,158,'2015-12-07 21:32:29','betstate',NULL,158,'betstate message','new'),(71,158,'2015-12-07 21:38:06','system',NULL,158,'System message',NULL),(72,158,'2015-12-07 21:38:15','betstate',NULL,158,'betstate message','new'),(73,158,'2015-12-07 21:41:39','system',NULL,158,'System message',NULL),(74,158,'2015-12-07 21:41:47','betstate',NULL,158,'betstate message','new'),(75,158,'2015-12-07 21:42:08','betstate',NULL,158,'betstate message','new'),(76,158,'2015-12-07 21:43:20','betstate',NULL,158,'betstate message','new'),(77,158,'2015-12-07 21:43:59','system',NULL,158,'System message',NULL),(78,158,'2015-12-07 21:45:46','betstate',NULL,158,'betstate message','new'),(79,158,'2015-12-07 21:45:58','system',NULL,158,'System message',NULL),(80,158,'2015-12-07 21:51:56','betstate',NULL,158,'betstate message','new'),(81,158,'2015-12-07 21:52:31','betstate',NULL,158,'betstate message','new'),(82,158,'2015-12-07 21:52:43','betstate',NULL,158,'betstate message','new'),(83,158,'2015-12-07 21:52:53','system',NULL,158,'System message',NULL),(84,158,'2015-12-07 21:53:45','betstate',NULL,158,'betstate message','new'),(85,199,'2015-12-07 21:55:29','message',146,NULL,NULL,NULL),(86,199,'2015-12-07 21:55:43','message',147,NULL,NULL,NULL),(87,158,'2015-12-07 21:56:50','system',NULL,158,'System message',NULL),(88,158,'2015-12-07 22:02:35','betstate',NULL,158,'betstate message','new'),(89,158,'2015-12-07 22:02:43','system',NULL,158,'System message',NULL),(90,158,'2015-12-07 22:04:42','betstate',NULL,158,'betstate message','new'),(91,158,'2015-12-07 22:04:46','system',NULL,158,'System message',NULL),(92,158,'2015-12-07 22:05:37','betstate',NULL,158,'betstate message','new'),(93,158,'2015-12-07 22:05:41','system',NULL,158,'System message',NULL),(94,158,'2015-12-07 22:09:54','system',NULL,158,'System message',NULL),(95,158,'2015-12-07 22:14:27','betstate',NULL,158,'betstate message','new'),(96,158,'2015-12-07 22:42:06','betstate',NULL,158,'betstate message','new'),(97,158,'2015-12-07 22:42:10','system',NULL,158,'System message',NULL),(98,158,'2015-12-07 22:44:08','betstate',NULL,158,'betstate message','new'),(99,158,'2015-12-07 22:44:13','system',NULL,158,'System message',NULL),(100,158,'2015-12-07 22:45:20','system',NULL,158,'System message',NULL),(101,158,'2015-12-07 22:53:34','system',NULL,NULL,NULL,NULL),(102,158,'2015-12-07 22:54:34','system',NULL,NULL,NULL,NULL),(103,158,'2015-12-07 22:55:37','system',NULL,NULL,NULL,NULL),(104,158,'2015-12-08 09:34:48','system',NULL,158,'System message',NULL),(105,158,'2015-12-08 17:41:52','system',NULL,158,'System message',NULL),(106,158,'2015-12-08 20:58:25','system',NULL,158,'System message',NULL),(107,158,'2015-12-08 20:58:41','betstate',NULL,158,'betstate message','new'),(108,158,'2015-12-08 21:00:35','betstate',NULL,158,'betstate message','new'),(109,158,'2015-12-08 21:00:45','system',NULL,158,'System message',NULL),(110,158,'2015-12-08 21:02:36','message',148,NULL,NULL,NULL),(111,206,'2015-12-08 21:05:22','betstate',NULL,206,NULL,'cancelled'),(112,205,'2015-12-08 21:05:33','betstate',NULL,205,NULL,'declined'),(113,55,'2015-12-08 21:05:39','betstate',NULL,204,NULL,'cancelled'),(114,158,'2015-12-08 22:15:22','system',NULL,NULL,NULL,NULL),(115,207,'2015-12-08 22:18:21','message',149,NULL,NULL,NULL),(116,158,'2015-12-08 22:34:13','system',NULL,NULL,NULL,NULL),(117,158,'2015-12-08 22:45:53','system',NULL,NULL,NULL,NULL),(118,158,'2015-12-08 23:00:53','system',NULL,NULL,NULL,NULL),(119,158,'2015-12-08 23:01:12','system',NULL,NULL,NULL,NULL),(120,158,'2015-12-09 07:00:48','system',NULL,158,'System message',NULL),(121,55,'2015-12-09 10:05:27','betstate',NULL,203,NULL,'cancelled'),(122,55,'2015-12-09 10:05:56','betstate',NULL,201,NULL,'cancelled'),(123,208,'2015-12-09 10:07:19','betstate',NULL,208,NULL,'new'),(124,208,'2015-12-09 12:10:54','betstate',NULL,208,NULL,'cancelled'),(125,55,'2015-12-09 12:11:09','betstate',NULL,202,NULL,'cancelled'),(126,158,'2015-12-09 13:25:15','system',NULL,158,'System message',NULL),(127,158,'2015-12-09 13:25:24','betstate',NULL,158,'betstate message','new'),(128,158,'2015-12-09 13:25:30','system',NULL,158,'System message',NULL),(129,209,'2015-12-09 16:56:55','betstate',NULL,209,NULL,'new'),(130,209,'2015-12-09 16:57:18','betstate',NULL,209,NULL,'declined'),(131,210,'2015-12-09 18:20:37','betstate',NULL,210,NULL,'new'),(132,211,'2015-12-09 18:22:43','betstate',NULL,211,NULL,'new'),(133,199,'2015-12-09 21:10:07','system',NULL,199,'Twitch: wrong game running, waiting',NULL),(134,207,'2015-12-09 21:10:10','system',NULL,207,'Twitch: stream is offline, waiting',NULL),(135,199,'2015-12-09 21:11:05','system',NULL,199,'Twitch: wrong game running, waiting',NULL),(136,207,'2015-12-09 21:11:09','system',NULL,207,'Twitch: stream is offline, waiting',NULL),(137,199,'2015-12-09 21:12:19','system',NULL,199,'Twitch: wrong game running, waiting',NULL),(138,207,'2015-12-09 21:12:22','system',NULL,207,'Twitch: stream is offline, waiting',NULL),(139,207,'2015-12-09 21:13:05','system',NULL,207,'Twitch: stream is offline, waiting',NULL),(140,199,'2015-12-09 21:13:31','betstate',NULL,199,'Watching failed due to internal error','finished'),(141,207,'2015-12-09 21:13:47','system',NULL,207,'Twitch: stream is offline, waiting',NULL),(142,207,'2015-12-09 21:14:30','system',NULL,207,'Twitch: stream is offline, waiting',NULL),(143,207,'2015-12-09 21:15:13','system',NULL,207,'Twitch: stream is offline, waiting',NULL),(144,207,'2015-12-09 21:15:56','system',NULL,207,'Twitch: stream is offline, waiting',NULL),(145,207,'2015-12-09 21:16:39','system',NULL,207,'Twitch: stream is offline, waiting',NULL),(146,207,'2015-12-09 21:17:22','system',NULL,207,'Twitch: stream is offline, waiting',NULL),(147,207,'2015-12-09 21:18:05','system',NULL,207,'Twitch: stream is offline, waiting',NULL),(148,207,'2015-12-09 21:18:48','system',NULL,207,'Twitch: stream is offline, waiting',NULL),(149,207,'2015-12-09 21:19:31','system',NULL,207,'Twitch: stream is offline, waiting',NULL),(150,207,'2015-12-09 21:20:14','system',NULL,207,'Twitch: stream is offline, waiting',NULL),(151,207,'2015-12-09 21:20:57','system',NULL,207,'Twitch: stream is offline, waiting',NULL),(152,207,'2015-12-09 21:21:40','system',NULL,207,'Twitch: stream is offline, waiting',NULL),(153,207,'2015-12-09 21:22:23','system',NULL,207,'Twitch: stream is offline, waiting',NULL),(154,207,'2015-12-09 21:23:06','system',NULL,207,'Twitch: stream is offline, waiting',NULL),(155,207,'2015-12-09 21:23:49','system',NULL,207,'Twitch: stream is offline, waiting',NULL),(156,207,'2015-12-09 21:37:05','system',NULL,207,'Twitch: stream is offline, waiting',NULL),(157,207,'2015-12-09 21:37:49','system',NULL,207,'Twitch: stream is offline, waiting',NULL),(158,207,'2015-12-09 21:38:32','system',NULL,207,'Twitch: stream is offline, waiting',NULL),(159,207,'2015-12-09 21:46:42','system',NULL,207,'Twitch: stream is offline, waiting',NULL),(160,207,'2015-12-09 21:55:04','betstate',NULL,207,'Watching failed due to internal error','finished'),(161,212,'2015-12-10 16:40:40','betstate',NULL,212,NULL,'new'),(162,212,'2015-12-10 16:43:22','betstate',NULL,212,NULL,'cancelled'),(163,158,'2015-12-10 19:49:44','system',NULL,158,'System message',NULL),(164,210,'2015-12-11 14:18:49','betstate',NULL,210,NULL,'cancelled'),(165,211,'2015-12-11 14:20:16','betstate',NULL,211,NULL,'accepted'),(166,211,'2015-12-11 14:20:17','system',NULL,211,'Twitch: wrong game running, waiting',NULL),(167,211,'2015-12-11 14:20:53','message',150,NULL,NULL,NULL),(168,211,'2015-12-11 14:21:12','message',151,NULL,NULL,NULL),(169,211,'2015-12-11 14:21:24','message',152,NULL,NULL,NULL),(170,211,'2015-12-11 14:21:29','betstate',NULL,211,'Watching failed due to internal error','finished'),(171,211,'2015-12-11 14:21:49','system',NULL,211,'System message',NULL),(172,211,'2015-12-11 14:23:59','abort',NULL,211,NULL,NULL),(173,177,'2015-12-11 16:23:44','betstate',NULL,177,NULL,'cancelled'),(174,213,'2015-12-14 07:45:23','betstate',NULL,213,NULL,'new'),(175,213,'2015-12-14 07:46:13','betstate',NULL,213,NULL,'accepted'),(176,213,'2015-12-14 08:08:45','abort',NULL,213,NULL,NULL),(177,213,'2015-12-14 08:16:23','abort',NULL,213,NULL,NULL),(178,213,'2015-12-14 08:16:42','betstate',NULL,213,'Challenge was aborted by request of Vlad Konon','aborted'),(179,214,'2015-12-14 08:38:34','betstate',NULL,214,NULL,'new'),(180,215,'2015-12-14 08:42:28','betstate',NULL,215,NULL,'new'),(181,214,'2015-12-14 08:43:44','betstate',NULL,214,NULL,'accepted'),(182,214,'2015-12-14 08:44:28','abort',NULL,214,NULL,NULL),(183,214,'2015-12-14 08:44:36','betstate',NULL,214,'Challenge was aborted by request of DERP HACKER','aborted'),(184,215,'2015-12-14 08:45:13','betstate',NULL,215,NULL,'accepted'),(185,215,'2015-12-14 08:48:36','abort',NULL,215,NULL,NULL),(186,215,'2015-12-14 08:55:28','betstate',NULL,215,'Challenge was aborted by request of DERP HACKER','aborted'),(187,216,'2015-12-14 08:58:27','betstate',NULL,216,NULL,'new'),(188,216,'2015-12-14 08:59:12','betstate',NULL,216,NULL,'accepted'),(189,216,'2015-12-14 08:59:53','abort',NULL,216,NULL,NULL),(190,216,'2015-12-14 09:00:00','betstate',NULL,216,'Challenge was aborted by request of Vlad Konon','aborted'),(191,217,'2015-12-14 09:22:50','betstate',NULL,217,NULL,'new'),(192,217,'2015-12-14 09:26:12','betstate',NULL,217,NULL,'accepted'),(193,217,'2015-12-14 09:27:27','abort',NULL,217,NULL,NULL),(194,217,'2015-12-14 09:28:41','message',153,NULL,NULL,NULL),(195,217,'2015-12-14 09:29:00','message',154,NULL,NULL,NULL),(196,217,'2015-12-14 09:29:23','message',155,NULL,'New message received',NULL),(197,217,'2015-12-14 09:29:36','message',156,NULL,'New message received',NULL),(198,217,'2015-12-14 09:30:17','message',157,NULL,'New message received',NULL),(199,217,'2015-12-14 09:30:24','message',158,NULL,'New message received',NULL),(200,217,'2015-12-14 09:31:34','message',159,NULL,'New message received',NULL),(201,217,'2015-12-14 09:32:09','message',160,NULL,'New message received',NULL),(202,218,'2015-12-14 09:33:01','betstate',NULL,218,'New challenge available','new'),(203,218,'2015-12-14 09:33:38','betstate',NULL,218,'Challenge accepted','accepted'),(204,217,'2015-12-14 09:36:35','system',NULL,217,'System message',NULL),(205,217,'2015-12-14 09:36:41','betstate',NULL,217,'betstate message','new'),(206,218,'2015-12-14 10:41:22','abort',NULL,218,'Challenge abort requested',NULL),(207,219,'2015-12-14 14:44:40','betstate',NULL,219,'New challenge available','new'),(208,219,'2015-12-14 14:45:21','betstate',NULL,219,'Challenge accepted','accepted'),(209,219,'2015-12-14 14:45:21','system',NULL,219,'Twitch: wrong game running, waiting',NULL),(210,219,'2015-12-14 14:46:32','betstate',NULL,219,'Watching failed due to internal error','finished'),(211,220,'2015-12-14 16:20:19','betstate',NULL,220,'New challenge available','new'),(212,220,'2015-12-14 16:21:10','betstate',NULL,220,'Challenge accepted','accepted'),(213,220,'2015-12-14 16:22:14','message',161,NULL,'New message received',NULL),(214,220,'2015-12-14 16:22:21','message',162,NULL,'New message received',NULL),(215,220,'2015-12-14 16:22:27','message',163,NULL,'New message received',NULL),(216,220,'2015-12-14 16:22:33','message',164,NULL,'New message received',NULL),(217,220,'2015-12-14 16:25:43','system',NULL,220,'System message',NULL),(218,220,'2015-12-14 16:25:52','betstate',NULL,220,'betstate message','new'),(219,220,'2015-12-14 16:31:54','message',165,NULL,'New message received',NULL),(220,220,'2015-12-14 16:34:10','betstate',NULL,220,'betstate message','new'),(221,220,'2015-12-14 16:38:20','betstate',NULL,220,'betstate message','new'),(222,220,'2015-12-14 16:40:30','betstate',NULL,220,'betstate message','new'),(223,220,'2015-12-14 16:41:01','system',NULL,220,'Twitch: stream finished but no results were retrieved',NULL),(224,220,'2015-12-14 16:41:11','betstate',NULL,220,'Observer terminated without returning any result! Please contact support.','finished'),(225,220,'2015-12-14 16:41:42','betstate',NULL,220,'betstate message','new'),(226,221,'2015-12-14 16:50:50','betstate',NULL,221,'New challenge available','new'),(227,221,'2015-12-14 16:53:38','betstate',NULL,221,'Challenge accepted','accepted'),(228,221,'2015-12-14 16:55:21','system',NULL,221,'System message',NULL),(229,221,'2015-12-14 16:55:25','betstate',NULL,221,'betstate message','new'),(230,221,'2015-12-14 17:07:42','betstate',NULL,221,'betstate message','new'),(231,221,'2015-12-14 17:08:08','betstate',NULL,221,'betstate message','new'),(232,221,'2015-12-14 17:08:36','system',NULL,221,'Twitch: stream finished but no results were retrieved',NULL),(233,221,'2015-12-14 17:08:46','betstate',NULL,221,'Observer terminated without returning any result! Please contact support.','finished'),(234,221,'2015-12-14 17:17:02','betstate',NULL,221,'betstate message','new'),(235,218,'2015-12-14 21:17:02','betstate',NULL,218,'Challenge was aborted by request of DERP HACKER','aborted'),(236,217,'2015-12-14 21:52:09','betstate',NULL,217,'Challenge was aborted by request of DERP HACKER','aborted'),(237,222,'2015-12-14 21:54:36','betstate',NULL,222,'New challenge available','new'),(238,222,'2015-12-14 21:55:02','betstate',NULL,222,'Challenge accepted','accepted'),(239,222,'2015-12-14 21:55:53','abort',NULL,222,'Challenge abort requested',NULL),(240,222,'2015-12-14 21:56:02','betstate',NULL,222,'Challenge was aborted by request of Vlad Konon','aborted'),(241,223,'2015-12-15 19:39:49','betstate',NULL,223,'New challenge available','new'),(242,223,'2015-12-15 19:40:49','betstate',NULL,223,'Challenge accepted','accepted'),(243,223,'2015-12-15 19:40:50','system',NULL,223,'Twitch: starting OCR',NULL),(244,223,'2015-12-15 19:41:43','message',166,NULL,'New message received',NULL),(245,223,'2015-12-15 19:41:51','message',167,NULL,'New message received',NULL),(246,223,'2015-12-15 19:42:02','message',168,NULL,'New message received',NULL),(247,223,'2015-12-15 19:42:32','betstate',NULL,223,'betstate message','new'),(248,223,'2015-12-15 19:42:49','system',NULL,223,'System message',NULL),(249,223,'2015-12-15 19:42:54','system',NULL,223,'System message',NULL),(250,223,'2015-12-15 19:44:06','system',NULL,223,'Twitch: got score info',NULL),(251,223,'2015-12-15 19:45:06','system',NULL,223,'Twitch: starting OCR',NULL),(252,223,'2015-12-15 19:45:17','system',NULL,223,'Twitch: got score info',NULL),(253,223,'2015-12-15 19:49:48','message',169,NULL,'New message received',NULL),(254,223,'2015-12-15 19:49:54','message',170,NULL,'New message received',NULL),(255,223,'2015-12-15 19:50:02','message',171,NULL,'New message received',NULL),(256,223,'2015-12-15 19:50:35','system',NULL,223,'Twitch Running',NULL),(257,223,'2015-12-15 19:50:45','message',172,NULL,'New message received',NULL),(258,223,'2015-12-15 19:50:46','system',NULL,223,'Twitch: got score info',NULL),(259,223,'2015-12-15 19:50:56','system',NULL,223,'Twitch: score changed: 2 (MUN) / 1 (BVB)',NULL),(260,223,'2015-12-15 19:51:32','message',173,NULL,'New message received',NULL),(261,223,'2015-12-15 19:54:01','message',174,NULL,'New message received',NULL),(262,223,'2015-12-15 19:54:04','system',NULL,223,'Twitch: score changed: 3 (MUN) / 1 (BVB)',NULL),(263,223,'2015-12-15 19:54:05','message',175,NULL,'New message received',NULL),(264,223,'2015-12-15 19:54:20','betstate',NULL,223,'betstate message','new'),(265,223,'2015-12-15 19:54:25','system',NULL,223,'System message',NULL),(266,223,'2015-12-15 19:55:23','system',NULL,223,'Twitch: score changed: 3 (MUN) / 2 (BVB)',NULL),(267,223,'2015-12-15 19:56:14','system',NULL,223,'Twitch: score changed: 3 (MUN) / 3 (BVB)',NULL),(268,223,'2015-12-15 19:56:35','system',NULL,223,'Twitch: score changed: 3 (MUN) / 4 (BVB)',NULL),(269,223,'2015-12-15 19:57:35','system',NULL,223,'Twitch: score changed: 3 (MUN) / 5 (BVB)',NULL),(270,223,'2015-12-15 19:57:56','system',NULL,223,'Twitch: score changed: 3 (MUN) / 6 (BVB)',NULL),(271,223,'2015-12-15 19:58:47','system',NULL,223,'Twitch: score changed: 3 (MUN) / 7 (BVB)',NULL),(272,223,'2015-12-15 19:59:25','system',NULL,223,'Twitch: score changed: 3 (MUN) / 8 (BVB)',NULL),(273,223,'2015-12-15 19:59:49','system',NULL,223,'Twitch: score changed: 3 (MUN) / 9 (BVB)',NULL),(274,223,'2015-12-15 20:03:05','system',NULL,223,'Twitch: score changed: 4 (MUN) / 9 (BVB)',NULL),(275,223,'2015-12-15 20:03:57','system',NULL,223,'Twitch: score changed: 5 (MUN) / 9 (BVB)',NULL),(276,223,'2015-12-15 20:05:35','betstate',NULL,223,'Challenge finished (winner: D1) - MUN vs BVB: 5 - 9','finished'),(277,223,'2015-12-15 20:06:12','betstate',NULL,223,'betstate message','new'),(278,81,'2015-12-16 05:33:53','betstate',NULL,81,'Challenge finished (draw)','finished'),(279,224,'2015-12-16 14:17:06','betstate',NULL,224,'New challenge available','new'),(280,224,'2015-12-16 14:18:07','betstate',NULL,224,'Challenge accepted','accepted'),(281,224,'2015-12-16 14:18:08','system',NULL,224,'Twitch Running',NULL),(282,224,'2015-12-16 14:21:26','system',NULL,224,'Twitch: got score info',NULL),(283,224,'2015-12-16 14:21:37','system',NULL,224,'Twitch: score changed: 0 (MUN) / 0 (CSK)',NULL),(284,224,'2015-12-16 14:23:36','system',NULL,224,'Twitch: score changed: 1 (MUN) / 0 (GSK)',NULL),(285,224,'2015-12-16 14:24:13','system',NULL,224,'Twitch Running',NULL),(286,224,'2015-12-16 14:24:20','abort',NULL,224,'Challenge abort requested',NULL),(287,224,'2015-12-16 14:24:34','betstate',NULL,224,'Challenge aborted','aborted'),(288,225,'2015-12-16 15:06:50','betstate',NULL,225,'New challenge available','new'),(289,225,'2015-12-16 15:59:40','betstate',NULL,225,'Challenge accepted','accepted'),(290,225,'2015-12-16 15:59:42','system',NULL,225,'Twitch Running',NULL),(291,225,'2015-12-16 16:02:18','betstate',NULL,225,'betstate message','new'),(292,225,'2015-12-16 16:02:45','system',NULL,225,'Twitch: got score info',NULL),(293,225,'2015-12-16 16:02:56','system',NULL,225,'Twitch: score changed: 1 (POT) / 1 (DAU)',NULL),(294,225,'2015-12-16 16:03:16','system',NULL,225,'Twitch: score changed: 1 (POT) / 4 (DAU)',NULL),(295,225,'2015-12-16 16:03:23','abort',NULL,225,'Challenge abort requested',NULL),(296,225,'2015-12-16 16:03:36','system',NULL,225,'Twitch: score changed: 0 (POT) / 1 (DAU)',NULL),(297,225,'2015-12-16 16:03:50','betstate',NULL,225,'Challenge aborted','aborted'),(298,226,'2015-12-16 16:04:36','betstate',NULL,226,'New challenge available','new'),(299,226,'2015-12-16 16:08:47','betstate',NULL,226,'Challenge accepted','accepted'),(300,226,'2015-12-16 16:08:48','system',NULL,226,'Twitch Running',NULL),(301,226,'2015-12-16 16:08:58','system',NULL,226,'Twitch: stream is offline, waiting',NULL),(302,226,'2015-12-16 16:09:40','system',NULL,226,'Twitch Running',NULL),(303,226,'2015-12-16 16:10:21','system',NULL,226,'Twitch Running',NULL),(304,226,'2015-12-16 16:11:24','system',NULL,226,'Twitch: got score info',NULL),(305,226,'2015-12-16 16:11:34','system',NULL,226,'Twitch: score changed: 0 (POT) / 0 (CHE)',NULL),(306,226,'2015-12-16 16:11:44','system',NULL,226,'Twitch: score changed: 1 (POT) / 2 (CHE)',NULL),(307,226,'2015-12-16 16:12:01','system',NULL,226,'Twitch: score changed: 2 (POT) / 2 (CHE)',NULL),(308,226,'2015-12-16 16:12:14','betstate',NULL,226,'betstate message','new'),(309,226,'2015-12-16 16:12:26','system',NULL,226,'Twitch: score changed: 1 (POT) / 0 (CHE)',NULL),(310,226,'2015-12-16 16:13:30','system',NULL,226,'Twitch: score changed: 7 (POT) / 0 (CHE)',NULL),(311,226,'2015-12-16 16:14:35','system',NULL,226,'Twitch: stream finished but no results were retrieved',NULL),(312,226,'2015-12-16 16:14:45','betstate',NULL,226,'Challenge finished (draw) - Observer terminated without returning any result! Please contact support.','finished'),(313,227,'2015-12-18 08:04:55','betstate',NULL,227,'New challenge available','new'),(314,228,'2015-12-18 09:39:07','betstate',NULL,228,'New challenge available','new'),(315,228,'2015-12-21 00:53:24','betstate',NULL,228,'Challenge declined','declined'),(316,227,'2015-12-21 00:53:26','betstate',NULL,227,'Challenge declined','declined'),(317,229,'2015-12-25 00:36:31','betstate',NULL,229,'New challenge available','new');
/*!40000 ALTER TABLE `event` ENABLE KEYS */;
UNLOCK TABLES;

--
-- Table structure for table `game`
--

DROP TABLE IF EXISTS `game`;
/*!40101 SET @saved_cs_client     = @@character_set_client */;
/*!40101 SET character_set_client = utf8 */;
CREATE TABLE `game` (
  `id` int(11) NOT NULL AUTO_INCREMENT,
  `creator_id` int(11) DEFAULT NULL,
  `opponent_id` int(11) DEFAULT NULL,
  `parent_id` int(11) DEFAULT NULL,
  `gamertag_creator` varchar(128) DEFAULT NULL,
  `gamertag_opponent` varchar(128) DEFAULT NULL,
  `twitch_handle` varchar(64) DEFAULT NULL,
  `twitch_identity_creator` varchar(128) DEFAULT NULL,
  `twitch_identity_opponent` varchar(128) DEFAULT NULL,
  `gametype` varchar(64) NOT NULL,
  `gamemode` varchar(64) NOT NULL,
  `meta` text,
  `bet` float NOT NULL,
  `create_date` datetime DEFAULT NULL,
  `state` enum('new','cancelled','accepted','declined','finished','aborted') DEFAULT NULL,
  `accept_date` datetime DEFAULT NULL,
  `aborter_id` int(11) DEFAULT NULL,
  `winner` enum('creator','opponent','draw') DEFAULT NULL,
  `details` text,
  `finish_date` datetime DEFAULT NULL,
  `tournament_id` int(11) DEFAULT NULL,
  PRIMARY KEY (`id`),
  KEY `ix_game_creator_id` (`creator_id`),
  KEY `ix_game_opponent_id` (`opponent_id`),
  KEY `ix_game_parent_id` (`parent_id`),
  KEY `ix_game_aborter_id` (`aborter_id`),
  KEY `ix_game_tournament_id` (`tournament_id`),
  CONSTRAINT `game_ibfk_1` FOREIGN KEY (`creator_id`) REFERENCES `player` (`id`),
  CONSTRAINT `game_ibfk_2` FOREIGN KEY (`opponent_id`) REFERENCES `player` (`id`),
  CONSTRAINT `game_ibfk_3` FOREIGN KEY (`parent_id`) REFERENCES `game` (`id`),
  CONSTRAINT `game_ibfk_4` FOREIGN KEY (`aborter_id`) REFERENCES `player` (`id`),
  CONSTRAINT `game_ibfk_5` FOREIGN KEY (`tournament_id`) REFERENCES `tournament` (`id`)
) ENGINE=InnoDB AUTO_INCREMENT=230 DEFAULT CHARSET=utf8;
/*!40101 SET character_set_client = @saved_cs_client */;

--
-- Dumping data for table `game`
--

LOCK TABLES `game` WRITE;
/*!40000 ALTER TABLE `game` DISABLE KEYS */;
INSERT INTO `game` VALUES (42,30,31,NULL,'DERP HACKER','JW07hello',NULL,NULL,NULL,'fifa15-xboxone','friendlies',NULL,25,'2015-08-02 20:47:57','finished','2015-08-02 20:56:02',NULL,'creator',NULL,'2015-08-02 21:44:50',NULL),(43,30,31,NULL,'DERP HACKER','JW07hello',NULL,NULL,NULL,'fifa15-xboxone','friendlies',NULL,10,'2015-08-02 21:47:32','finished','2015-08-02 21:47:47',NULL,'opponent',NULL,'2015-08-02 22:07:13',NULL),(44,30,31,NULL,'DERP HACKER','JW07hello',NULL,NULL,NULL,'fifa15-xboxone','friendlies',NULL,20,'2015-08-03 14:42:24','finished','2015-08-03 14:42:52',NULL,'opponent',NULL,'2015-08-03 15:10:57',NULL),(45,30,31,NULL,'DERP HACKER','JW07hello',NULL,NULL,NULL,'fifa15-xboxone','friendlies',NULL,10,'2015-08-03 15:12:38','finished','2015-08-03 15:12:59',NULL,'opponent',NULL,'2015-08-03 15:33:32',NULL),(46,33,32,NULL,'Panchew','Che Hasty10',NULL,NULL,NULL,'fifa14-xboxone','futSeasons',NULL,36,'2015-08-03 15:30:11','finished','2015-08-03 15:31:12',NULL,'draw',NULL,'2015-11-12 01:40:32',NULL),(47,32,33,NULL,'Che Hasty10','Panchew',NULL,NULL,NULL,'fifa15-xboxone','futSeasons',NULL,9,'2015-08-04 06:23:27','declined','2015-08-11 07:34:45',NULL,NULL,NULL,NULL,NULL),(48,30,31,NULL,'DERP HACKER','JW07hello',NULL,NULL,NULL,'fifa15-xboxone','friendlies',NULL,1,'2015-08-04 11:48:02','finished','2015-08-04 11:48:09',NULL,'creator',NULL,'2015-08-05 16:15:29',NULL),(49,30,31,NULL,'DERP HACKER','JW07hello',NULL,NULL,NULL,'fifa15-xboxone','friendlies',NULL,2,'2015-08-05 15:14:58','finished','2015-08-05 16:05:57',NULL,'creator',NULL,'2015-08-05 16:15:29',NULL),(50,30,31,NULL,'DERP HACKER','JW07hello',NULL,NULL,NULL,'fifa15-xboxone','friendlies',NULL,2,'2015-08-05 16:06:02','finished','2015-08-05 16:25:22',NULL,'opponent',NULL,'2015-08-05 16:47:06',NULL),(51,30,31,NULL,'DERP HACKER','JW07hello',NULL,NULL,NULL,'fifa15-xboxone','friendlies',NULL,200,'2015-08-05 16:24:55','declined','2015-08-05 16:26:30',NULL,NULL,NULL,NULL,NULL),(52,30,31,NULL,'DERP HACKER','JW07hello',NULL,NULL,NULL,'fifa15-xboxone','friendlies',NULL,50,'2015-08-05 16:25:48','finished','2015-08-05 16:29:09',NULL,'opponent',NULL,'2015-08-05 16:47:06',NULL),(53,33,32,NULL,'Panchew','Che Hasty10',NULL,NULL,NULL,'fifa14-xboxone','fut',NULL,17,'2015-08-14 13:29:16','new',NULL,NULL,NULL,NULL,NULL,NULL),(54,33,32,NULL,'Panchew','Che Hasty10',NULL,NULL,NULL,'fifa15-xboxone','friendlies',NULL,27,'2015-08-14 13:29:41','new',NULL,NULL,NULL,NULL,NULL,NULL),(55,30,31,NULL,'DERP HACKER','JW07hello',NULL,NULL,NULL,'fifa15-xboxone','friendlies',NULL,182,'2015-08-14 13:52:48','declined','2015-08-23 21:22:54',NULL,NULL,NULL,NULL,NULL),(56,31,30,NULL,'JW07hello','DERP HACKER',NULL,NULL,NULL,'fifa15-xboxone','fut',NULL,1264,'2015-08-14 14:08:43','declined','2015-08-23 21:22:37',NULL,NULL,NULL,NULL,NULL),(57,30,31,NULL,'DERP HACKER','JW07hello',NULL,NULL,NULL,'fifa14-xboxone','friendlies',NULL,216,'2015-08-15 10:28:36','declined','2015-08-23 21:22:21',NULL,NULL,NULL,NULL,NULL),(58,30,31,NULL,'DERP HACKER','JW07hello',NULL,NULL,NULL,'fifa15-xboxone','friendlies',NULL,28,'2015-08-15 11:15:32','finished','2015-08-20 15:11:22',NULL,'draw',NULL,'2015-08-20 15:49:54',NULL),(59,30,31,NULL,'DERP HACKER','JW07hello',NULL,NULL,NULL,'fifa15-xboxone','friendlies',NULL,30,'2015-08-19 04:24:26','finished','2015-08-20 15:05:26',NULL,'draw',NULL,'2015-08-20 15:49:54',NULL),(61,30,31,NULL,'DERP HACKER','JW07hello','derphacker4434',NULL,NULL,'fifa15-xboxone','friendlies',NULL,1,'2015-08-20 15:07:57','finished','2015-08-20 15:58:54',NULL,'opponent',NULL,'2015-08-20 16:09:34',NULL),(62,30,31,NULL,'DERP HACKER','JW07hello','http://www.twitch.tv/hello',NULL,NULL,'fifa14-xboxone','friendlies',NULL,10,'2015-08-22 14:04:03','declined','2015-08-23 21:22:16',NULL,NULL,NULL,NULL,NULL),(63,30,31,NULL,'DERP HACKER','JW07hello','http://www.twitch.tv/test',NULL,NULL,'fifa14-xboxone','fut',NULL,20,'2015-08-22 14:06:11','declined','2015-08-23 21:22:14',NULL,NULL,NULL,NULL,NULL),(64,30,31,NULL,'DERP HACKER','JW07hello','http://www.twitch.tv/bdghjjh',NULL,NULL,'fifa15-xboxone','friendlies',NULL,37,'2015-08-22 15:19:33','declined','2015-08-23 21:22:11',NULL,NULL,NULL,NULL,NULL),(65,30,31,NULL,'DERP HACKER','JW07hello','derphacker4434',NULL,NULL,'fifa15-xboxone','friendlies',NULL,10,'2015-08-23 21:18:52','declined','2015-08-23 21:22:09',NULL,NULL,NULL,NULL,NULL),(66,30,31,NULL,'DERP HACKER','JW07hello','derphacker4434',NULL,NULL,'fifa15-xboxone','friendlies',NULL,8,'2015-08-23 21:23:57','declined','2015-08-23 21:26:29',NULL,NULL,NULL,NULL,NULL),(67,31,30,NULL,'JW07hello','DERP HACKER','dwmcr',NULL,NULL,'fifa15-xboxone','friendlies',NULL,149,'2015-08-23 21:31:23','finished','2015-08-23 21:31:36',NULL,'opponent',NULL,'2015-08-23 21:51:48',NULL),(68,31,30,NULL,'JW07hello','DERP HACKER','dwmcr',NULL,NULL,'fifa15-xboxone','friendlies',NULL,332,'2015-08-24 15:08:31','finished','2015-08-24 15:09:13',NULL,'opponent',NULL,'2015-08-24 20:06:55',NULL),(69,31,30,NULL,'JW07hello','DERP HACKER','dwrmcr',NULL,NULL,'fifa15-xboxone','friendlies',NULL,17,'2015-08-24 15:44:46','finished','2015-08-24 15:45:23',NULL,'creator',NULL,'2015-08-24 16:06:39',NULL),(70,30,31,NULL,'DERP HACKER','JW07hello','derphacker4434',NULL,NULL,'fifa15-xboxone','friendlies',NULL,48,'2015-08-24 16:10:30','declined','2015-08-24 16:13:34',NULL,NULL,NULL,NULL,NULL),(71,30,31,NULL,'DERP HACKER','JW07hello','derphacker4434',NULL,NULL,'fifa15-xboxone','friendlies',NULL,40,'2015-08-24 16:15:41','declined','2015-08-25 09:12:25',NULL,NULL,NULL,NULL,NULL),(72,30,31,NULL,'DERP HACKER','JW07hello','test',NULL,NULL,'fifa15-xboxone','friendlies',NULL,193,'2015-08-24 23:41:37','declined','2015-08-25 09:12:31',NULL,NULL,NULL,NULL,NULL),(73,31,30,NULL,'JW07hello','DERP HACKER','dwmcr',NULL,NULL,'fifa15-xboxone','friendlies',NULL,136,'2015-08-25 09:11:40','declined','2015-09-04 11:23:54',NULL,NULL,NULL,NULL,NULL),(74,31,30,NULL,'JW07hello','DERP HACKER','dwmcr',NULL,NULL,'fifa15-xboxone','friendlies',NULL,136,'2015-08-25 09:11:47','declined','2015-09-04 20:27:33',NULL,NULL,NULL,NULL,NULL),(75,30,31,NULL,'DERP HACKER','JW07hello','www',NULL,NULL,'fifa14-xboxone','fut',NULL,40,'2015-08-25 13:50:35','declined','2015-08-26 18:41:54',NULL,NULL,NULL,NULL,NULL),(76,30,31,NULL,'DERP HACKER','JW07hello','www',NULL,NULL,'fifa14-xboxone','fut',NULL,38,'2015-08-25 13:53:58','declined','2015-08-26 18:41:58',NULL,NULL,NULL,NULL,NULL),(77,30,31,NULL,'DERP HACKER','JW07hello','444',NULL,NULL,'fifa15-xboxone','fut',NULL,177,'2015-08-25 17:42:42','cancelled','2015-09-06 01:09:49',NULL,NULL,NULL,NULL,NULL),(78,31,30,NULL,'JW07hello','DERP HACKER',NULL,NULL,NULL,'fifa15-xboxone','friendlies',NULL,146,'2015-08-27 09:48:31','declined','2015-09-06 01:09:45',NULL,NULL,NULL,NULL,NULL),(79,31,30,NULL,'JW07hello','DERP HACKER',NULL,NULL,NULL,'fifa15-xboxone','friendlies',NULL,69,'2015-08-27 09:49:18','declined','2015-08-31 19:45:27',NULL,NULL,NULL,NULL,NULL),(80,30,31,NULL,'DERP HACKER','JW07hello','ffcf',NULL,NULL,'fifa15-xboxone','friendlies',NULL,317,'2015-08-27 09:56:45','cancelled','2015-09-06 01:09:34',NULL,NULL,NULL,NULL,NULL),(81,30,31,NULL,'DERP HACKER','JW07hello','dwmcr',NULL,NULL,'fifa15-xboxone','friendlies',NULL,128,'2015-08-27 18:26:52','finished','2015-08-27 18:28:40',NULL,'draw',NULL,'2015-12-16 05:33:53',NULL),(82,31,30,NULL,'JW07hello','DERP HACKER','dwmcr',NULL,NULL,'fifa15-xboxone','friendlies',NULL,111,'2015-08-27 18:27:38','accepted','2015-08-27 18:33:48',NULL,NULL,NULL,NULL,NULL),(83,31,30,NULL,'JW07hello','DERP HACKER','dwmcr',NULL,NULL,'fifa15-xboxone','friendlies',NULL,44,'2015-08-30 15:51:00','declined','2015-08-31 08:27:34',NULL,NULL,NULL,NULL,NULL),(84,31,30,NULL,'JW07hello','DERP HACKER','dwmcr',NULL,NULL,'fifa15-xboxone','friendlies',NULL,14,'2015-09-01 09:25:53','declined','2015-09-01 21:12:45',NULL,NULL,NULL,NULL,NULL),(85,31,30,NULL,'JW07hello','DERP HACKER','dwmcr',NULL,NULL,'fifa15-xboxone','friendlies',NULL,14,'2015-09-01 21:18:41','declined','2015-09-04 11:22:59',NULL,NULL,NULL,NULL,NULL),(86,30,31,NULL,'DERP HACKER','JW07hello','DWMCR',NULL,NULL,'fifa15-xboxone','friendlies',NULL,60,'2015-09-01 21:19:43','cancelled','2015-09-06 01:08:58',NULL,NULL,NULL,NULL,NULL),(87,30,31,NULL,'DERP HACKER','JW07hello','DWMCR',NULL,NULL,'fifa15-xboxone','friendlies',NULL,60,'2015-09-01 21:20:54','cancelled','2015-09-05 09:30:56',NULL,NULL,NULL,NULL,NULL),(88,30,31,NULL,'DERP HACKER','JW07hello','link',NULL,NULL,'fifa15-xboxone','friendlies',NULL,16,'2015-09-05 10:28:14','cancelled','2015-09-06 01:09:06',NULL,NULL,NULL,NULL,NULL),(89,31,30,NULL,'JW07hello','DERP HACKER','dwmcr',NULL,NULL,'fifa15-xboxone','friendlies',NULL,69,'2015-09-06 12:30:42','declined','2015-09-06 13:48:41',NULL,NULL,NULL,NULL,NULL),(90,31,30,NULL,'JW07hello','DERP HACKER','dwmcr',NULL,NULL,'fifa15-xboxone','friendlies',NULL,108,'2015-09-11 14:55:52','cancelled','2015-10-01 15:59:13',NULL,NULL,NULL,NULL,NULL),(91,31,30,NULL,'JW07hello','DERP HACKER','dwmcr',NULL,NULL,'fifa15-xboxone','friendlies',NULL,192,'2015-09-13 17:02:45','declined','2015-09-14 21:02:47',NULL,NULL,NULL,NULL,NULL),(92,31,30,NULL,'JW07hello','DERP HACKER','dwmcr',NULL,NULL,'fifa15-xboxone','friendlies',NULL,144,'2015-09-16 17:13:49','declined','2015-10-01 16:00:29',NULL,NULL,NULL,NULL,NULL),(93,31,30,NULL,'JW07hello','DERP HACKER','dwmcr',NULL,NULL,'fifa15-xboxone','friendlies',NULL,133,'2015-09-18 12:44:13','declined','2015-10-01 16:00:25',NULL,NULL,NULL,NULL,NULL),(94,31,30,NULL,'JW07hello','DERP HACKER','dwmcr',NULL,NULL,'fifa15-xboxone','friendlies',NULL,228,'2015-09-20 11:22:23','declined','2015-10-01 16:00:22',NULL,NULL,NULL,NULL,NULL),(95,30,31,NULL,'DERP HACKER','JW07hello',NULL,NULL,NULL,'fifa15-xboxone','friendlies',NULL,366,'2015-09-24 20:30:37','cancelled','2015-09-24 20:31:02',NULL,NULL,NULL,NULL,NULL),(96,30,31,NULL,'DERP HACKER','JW07hello',NULL,NULL,NULL,'fifa15-xboxone','friendlies',NULL,382,'2015-09-24 22:43:57','cancelled','2015-09-24 22:44:04',NULL,NULL,NULL,NULL,NULL),(97,31,30,NULL,'JW07hello','DERP HACKER','dwmcr',NULL,NULL,'fifa15-xboxone','friendlies',NULL,8,'2015-09-25 16:33:28','declined','2015-10-01 16:00:16',NULL,NULL,NULL,NULL,NULL),(98,30,31,NULL,'DERP HACKER','JW07hello',NULL,NULL,NULL,'fifa15-xboxone','friendlies',NULL,336,'2015-09-28 08:55:55','cancelled','2015-10-01 16:00:09',NULL,NULL,NULL,NULL,NULL),(99,31,30,NULL,'JW07hello','DERP HACKER','dwmcr',NULL,NULL,'fifa15-xboxone','friendlies',NULL,6,'2015-09-29 09:03:40','cancelled','2015-10-01 14:35:24',NULL,NULL,NULL,NULL,NULL),(100,30,31,NULL,'DERP HACKER','JW07hello',NULL,NULL,NULL,'fifa15-xboxone','friendlies',NULL,50,'2015-10-01 12:04:05','cancelled','2015-10-01 12:04:24',NULL,NULL,NULL,NULL,NULL),(101,30,31,NULL,'DERP HACKER','JW07hello','derphacker4434',NULL,NULL,'fifa15-xboxone','friendlies',NULL,5,'2015-10-01 15:58:25','cancelled','2015-10-01 16:05:08',NULL,NULL,NULL,NULL,NULL),(102,30,31,NULL,'DERP HACKER','JW07hello','derphacker4434',NULL,NULL,'fifa15-xboxone','friendlies',NULL,58,'2015-10-01 16:05:54','cancelled','2015-10-01 16:06:32',NULL,NULL,NULL,NULL,NULL),(103,30,31,NULL,'DERP HACKER','JW07hello','derphacker4434',NULL,NULL,'fifa15-xboxone','friendlies',NULL,270,'2015-10-01 16:07:32','cancelled','2015-10-01 16:08:35',NULL,NULL,NULL,NULL,NULL),(104,30,31,NULL,'DERP HACKER','JW07hello','derphacker4434',NULL,NULL,'fifa15-xboxone','friendlies',NULL,50,'2015-10-01 16:07:48','cancelled','2015-10-01 16:08:38',NULL,NULL,NULL,NULL,NULL),(105,30,31,NULL,'DERP HACKER','JW07hello','derphacker4434',NULL,NULL,'fifa15-xboxone','friendlies',NULL,23,'2015-10-01 16:08:01','cancelled','2015-10-01 16:08:42',NULL,NULL,NULL,NULL,NULL),(106,30,31,NULL,'DERP HACKER','JW07hello','derphacker4434',NULL,NULL,'fifa15-xboxone','friendlies',NULL,29,'2015-10-01 16:19:40','cancelled','2015-10-01 17:36:34',NULL,NULL,NULL,NULL,NULL),(107,30,60,NULL,'AfterWarrior538','PLACEYOURODDS','derphacker4434',NULL,NULL,'fifa15-xboxone','friendlies',NULL,47,'2015-10-01 17:36:13','accepted','2015-10-01 17:36:30',NULL,NULL,NULL,NULL,NULL),(108,30,31,NULL,'AfterWarrior538','JW07hello','derphacker4434',NULL,NULL,'test','fut',NULL,1,'2015-10-01 18:49:02','finished','2015-10-01 18:56:01',NULL,'creator',NULL,'2015-10-01 23:04:35',NULL),(109,30,31,NULL,'AfterWarrior538','JW07hello','derphacker4434',NULL,NULL,'fifa15-xboxone','friendlies',NULL,49,'2015-10-01 19:12:57','cancelled','2015-10-01 19:14:08',NULL,NULL,NULL,NULL,NULL),(110,30,60,NULL,'AfterWarrior538','PLACEYOURODDS','derphacker4434',NULL,NULL,'fifa15-xboxone','friendlies',NULL,51,'2015-10-01 19:13:59','accepted','2015-10-01 19:14:05',NULL,NULL,NULL,NULL,NULL),(111,30,31,NULL,'AfterWarrior538','JW07hello','derp',NULL,NULL,'test','fut',NULL,1,'2015-10-01 19:57:14','finished','2015-10-01 20:19:38',NULL,'creator',NULL,'2015-10-02 00:19:49',NULL),(112,30,31,NULL,'AfterWarrior538','JW07hello','link',NULL,NULL,'fifa15-xboxone','fut',NULL,64,'2015-10-15 12:01:18','cancelled','2015-11-10 15:29:43',NULL,NULL,NULL,NULL,NULL),(113,30,31,NULL,'AfterWarrior538','JW07hello','link',NULL,NULL,'fifa15-xboxone','coop',NULL,37,'2015-10-15 16:49:36','cancelled','2015-11-10 15:29:40',NULL,NULL,NULL,NULL,NULL),(114,30,31,NULL,'AfterWarrior53','JW07hello','link',NULL,NULL,'fifa15-xboxone','fut',NULL,60,'2015-10-15 17:27:19','cancelled','2015-11-10 15:29:37',NULL,NULL,NULL,NULL,NULL),(115,30,31,NULL,'AfterWarrior','JW07hello','link2',NULL,NULL,'fifa15-xboxone','fut',NULL,38,'2015-10-15 17:28:36','cancelled','2015-10-15 18:53:12',NULL,NULL,NULL,NULL,NULL),(116,30,31,NULL,'AfterWarrior538','JW07hello','i',NULL,NULL,'fifa14-xboxone','coop',NULL,105,'2015-10-17 09:14:59','cancelled','2015-11-10 15:29:32',NULL,NULL,NULL,NULL,NULL),(117,31,30,NULL,'JW07hello','AfterWarrior538',NULL,NULL,NULL,'fifa15-xboxone','friendlies',NULL,271,'2015-10-18 16:01:18','declined','2015-11-10 15:29:22',NULL,NULL,NULL,NULL,NULL),(118,31,30,NULL,'JW07hello','AfterWarrior538',NULL,NULL,NULL,'fifa15-xboxone','friendlies',NULL,146,'2015-10-18 16:11:24','finished','2015-10-18 16:11:55',NULL,'draw',NULL,'2015-11-12 01:41:28',NULL),(119,30,31,NULL,'AfterWarrior538','JW07hello','tv',NULL,NULL,'fifa15-xboxone','fut',NULL,14,'2015-10-19 08:35:08','cancelled','2015-10-20 10:20:13',NULL,NULL,NULL,NULL,NULL),(120,30,31,NULL,'AfterWarrior53','JW07hello','tv',NULL,NULL,'fifa15-xboxone','fut',NULL,21,'2015-10-19 08:36:05','cancelled','2015-10-20 10:20:10',NULL,NULL,NULL,NULL,NULL),(121,30,31,NULL,'AfterWarrior53','JW07hello','cloakedyoshi',NULL,NULL,'fifa15-xboxone','fut',NULL,20,'2015-10-20 08:33:35','cancelled','2015-10-20 10:20:09',NULL,NULL,NULL,NULL,NULL),(122,30,31,NULL,'AfterWarrior538','JW07hello','cloakedyoshi',NULL,NULL,'fifa15-xboxone','fut',NULL,11,'2015-10-20 08:35:02','cancelled','2015-10-20 09:05:37',NULL,NULL,NULL,NULL,NULL),(123,30,31,NULL,'AfterWarrior538','JW07hello','link',NULL,NULL,'fifa15-xboxone','coop',NULL,49,'2015-10-21 15:34:06','cancelled','2015-11-10 15:29:14',NULL,NULL,NULL,NULL,NULL),(124,30,31,NULL,'AfterWarrior538','JW07hello','link',NULL,NULL,'fifa15-xboxone','friendlies',NULL,37,'2015-10-21 16:01:13','cancelled','2015-11-10 15:29:10',NULL,NULL,NULL,NULL,NULL),(125,30,31,NULL,'AfterWarrior538','JW07hello','link',NULL,NULL,'fifa15-xboxone','coop',NULL,9,'2015-10-21 16:07:27','cancelled','2015-11-10 15:29:06',NULL,NULL,NULL,NULL,NULL),(126,30,31,NULL,'AfterWarrior538','JW07hello','link',NULL,NULL,'fifa15-xboxone','friendlies',NULL,18,'2015-10-21 16:28:12','cancelled','2015-11-10 15:29:02',NULL,NULL,NULL,NULL,NULL),(127,30,31,NULL,'AfterWarrior538','JW07hello','link',NULL,NULL,'fifa14-xboxone','coop',NULL,16,'2015-10-21 16:35:53','cancelled','2015-11-10 15:28:58',NULL,NULL,NULL,NULL,NULL),(128,30,39,NULL,'AfterWarrior538','DERP%20HACKER',NULL,NULL,NULL,'fifa15-xboxone','friendlies',NULL,38,'2015-10-21 16:40:47','cancelled','2015-11-10 15:28:54',NULL,NULL,NULL,NULL,NULL),(129,30,31,NULL,'AfterWarrior538','JW07hello','link',NULL,NULL,'fifa15-xboxone','coop',NULL,7,'2015-10-21 17:16:48','cancelled','2015-11-10 15:28:50',NULL,NULL,NULL,NULL,NULL),(130,30,31,NULL,'AfterWarrior538','JW07hello','link',NULL,NULL,'fifa15-xboxone','friendlies',NULL,2,'2015-10-21 17:27:54','cancelled','2015-11-10 15:28:46',NULL,NULL,NULL,NULL,NULL),(131,30,31,NULL,'AfterWarrior538','JW07hello','link',NULL,NULL,'fifa15-xboxone','futSeasons',NULL,5,'2015-10-21 17:29:30','cancelled','2015-10-21 19:48:08',NULL,NULL,NULL,NULL,NULL),(132,30,31,NULL,'AfterWarrior538','JW07hello','link',NULL,NULL,'fifa15-xboxone','fut',NULL,2,'2015-10-21 17:37:21','cancelled','2015-10-21 19:48:04',NULL,NULL,NULL,NULL,NULL),(133,30,31,NULL,'AfterWarrior538','JW07hello','link',NULL,NULL,'fifa15-xboxone','fut',NULL,3,'2015-10-21 17:42:13','cancelled','2015-11-10 15:28:42',NULL,NULL,NULL,NULL,NULL),(134,30,31,NULL,'AfterWarrior538','JW07hello','link',NULL,NULL,'fifa15-xboxone','friendlies',NULL,2,'2015-10-21 17:47:53','cancelled','2015-10-21 19:48:00',NULL,NULL,NULL,NULL,NULL),(135,30,31,NULL,'AfterWarrior538','JW07hello','link',NULL,NULL,'fifa15-xboxone','coop',NULL,2,'2015-10-21 18:07:10','cancelled','2015-10-21 19:47:54',NULL,NULL,NULL,NULL,NULL),(136,30,31,NULL,'AfterWarrior538','JW07hello','link',NULL,NULL,'fifa15-xboxone','coop',NULL,2,'2015-10-21 18:08:36','cancelled','2015-10-21 19:47:50',NULL,NULL,NULL,NULL,NULL),(137,30,31,NULL,'AfterWarrior538','JW07hello','link',NULL,NULL,'fifa15-xboxone','friendlies',NULL,2,'2015-10-21 18:10:29','cancelled','2015-10-21 19:47:32',NULL,NULL,NULL,NULL,NULL),(138,30,31,NULL,'AfterWarrior538','JW07hello','link',NULL,NULL,'fifa15-xboxone','fut',NULL,2,'2015-10-21 19:08:33','cancelled','2015-11-10 15:28:37',NULL,NULL,NULL,NULL,NULL),(139,30,31,NULL,'AfterWarrior538','JW07hello','link',NULL,NULL,'fifa15-xboxone','coop',NULL,4,'2015-10-21 21:18:27','cancelled','2015-11-10 15:28:34',NULL,NULL,NULL,NULL,NULL),(140,30,31,NULL,'AfterWarrior538','JW07hello','link',NULL,NULL,'fifa15-xboxone','coop',NULL,8,'2015-10-21 21:22:52','cancelled','2015-11-10 15:28:30',NULL,NULL,NULL,NULL,NULL),(141,30,31,NULL,'AfterWarrior538','JW07hello',NULL,NULL,NULL,'fifa15-xboxone','friendlies',NULL,25,'2015-10-22 09:53:05','cancelled','2015-11-10 15:28:13',NULL,NULL,NULL,NULL,NULL),(142,30,31,NULL,'AfterWarrior538','JW07hello',NULL,NULL,NULL,'fifa15-xboxone','friendlies',NULL,1,'2015-10-22 09:56:02','cancelled','2015-11-10 15:03:09',NULL,NULL,NULL,NULL,NULL),(143,30,31,NULL,'AfterWarrior538','JW07hello','link',NULL,NULL,'fifa15-xboxone','fut',NULL,1,'2015-10-22 15:08:29','cancelled','2015-10-22 15:09:01',NULL,NULL,NULL,NULL,NULL),(144,31,30,NULL,'JW07hello','AfterWarrior538','dwmcr',NULL,NULL,'fifa15-xboxone','friendlies',NULL,86,'2015-10-23 00:05:14','declined','2015-11-10 15:03:04',NULL,NULL,NULL,NULL,NULL),(145,30,31,NULL,'AfterWarrior538','JW07hello',NULL,NULL,NULL,'fifa15-xboxone','friendlies',NULL,1,'2015-10-23 00:06:46','cancelled','2015-11-10 15:02:59',NULL,NULL,NULL,NULL,NULL),(146,30,31,NULL,'AfterWarrior538','JW07hello',NULL,NULL,NULL,'fifa15-xboxone','friendlies',NULL,2,'2015-10-29 11:40:35','cancelled','2015-10-29 11:41:01',NULL,NULL,NULL,NULL,NULL),(147,30,31,NULL,'AfterWarrior538','JW07hello',NULL,NULL,NULL,'fifa15-xboxone','friendlies',NULL,1,'2015-11-04 00:10:37','accepted','2015-11-04 00:12:12',NULL,NULL,NULL,NULL,NULL),(148,31,30,NULL,'JW07hello','AfterWarrior538',NULL,NULL,NULL,'fifa15-xboxone','friendlies',NULL,33,'2015-11-04 14:30:59','declined','2015-11-10 15:02:52',NULL,NULL,NULL,NULL,NULL),(149,30,31,NULL,'AfterWarrior538','JW07hello',NULL,NULL,NULL,'fifa15-xboxone','friendlies',NULL,1,'2015-11-04 23:09:38','accepted','2015-11-08 15:19:34',NULL,NULL,NULL,NULL,NULL),(153,30,31,NULL,'AfterWarrior538','JW07hello','link','dyn',NULL,'fifa14-xboxone','coop',NULL,1,'2015-11-10 15:00:32','cancelled','2015-11-10 15:01:34',NULL,NULL,NULL,NULL,NULL),(154,30,31,NULL,'AfterWarrior538','JW07hello','link','dyn','tva','fifa15-xboxone','fut',NULL,14,'2015-11-10 15:35:46','finished','2015-11-10 18:17:56',NULL,'draw',NULL,'2015-11-11 22:00:25',NULL),(155,31,30,NULL,'JW07hello','AfterWarrior538','link','tva',NULL,'fifa15-xboxone','fut',NULL,60,'2015-11-10 18:22:13','declined','2015-11-10 18:23:58',NULL,NULL,NULL,NULL,NULL),(156,30,36,NULL,'AfterWarrior538','ddd','link','rty','trt','fifa14-xboxone','fut',NULL,46,'2015-11-10 18:35:30','finished','2015-11-10 19:02:23',NULL,'draw',NULL,'2015-11-11 22:00:25',NULL),(157,36,30,NULL,'bestone','AfterWarrior538','link','try',NULL,'fifa14-xboxone','coop',NULL,5,'2015-11-10 19:07:05','declined','2015-11-10 19:09:05',NULL,NULL,NULL,NULL,NULL),(158,36,30,NULL,'bestone','AfterWarrior538','link','dyn',NULL,'fifa14-xboxone','fut',NULL,5,'2015-11-11 19:43:00','new',NULL,NULL,NULL,NULL,NULL,NULL),(159,35,30,NULL,'MarSoft','AfterWarrior538','N7gsMIXGWco','C7T','Han','fifa15-xboxone','friendlies',NULL,1,'2015-11-11 23:31:49','finished','2015-11-11 23:42:37',NULL,'draw','Watching failed due to internal error','2015-11-11 23:53:37',NULL),(160,30,31,NULL,'AfterWarrior538','JW07hello','derphacker4434','MUN',NULL,'fifa15-xboxone','friendlies',NULL,36,'2015-11-12 00:04:02','cancelled','2015-11-26 17:57:43',NULL,NULL,NULL,NULL,NULL),(161,30,31,NULL,'AfterWarrior538','JW07hello','derphacker4434','MUN',NULL,'fifa15-xboxone','friendlies',NULL,36,'2015-11-12 00:05:09','cancelled','2015-11-17 12:04:06',NULL,NULL,NULL,NULL,NULL),(162,30,31,NULL,'AfterWarrior538','JW07hello','derphacker4434','MUN',NULL,'fifa15-xboxone','friendlies',NULL,36,'2015-11-12 00:07:16','cancelled','2015-11-26 17:57:39',NULL,NULL,NULL,NULL,NULL),(163,30,31,NULL,'AfterWarrior538','JW07hello','derphacker4434','MUN',NULL,'fifa15-xboxone','friendlies',NULL,82,'2015-11-12 00:08:26','cancelled','2015-11-26 17:57:37',NULL,NULL,NULL,NULL,NULL),(164,30,31,NULL,'AfterWarrior538','JW07hello','derphacker4434','mun',NULL,'fifa15-xboxone','friendlies',NULL,82,'2015-11-12 00:09:38','cancelled','2015-11-26 17:57:34',NULL,NULL,NULL,NULL,NULL),(165,30,31,NULL,'AfterWarrior538','JW07hello','derphacker4434','mun',NULL,'fifa15-xboxone','friendlies',NULL,82,'2015-11-12 00:18:43','cancelled','2015-11-26 17:57:31',NULL,NULL,NULL,NULL,NULL),(166,30,31,NULL,'AfterWarrior538','JW07hello','derphacker4434','MUN','NEW','fifa15-xboxone','friendlies',NULL,82,'2015-11-12 00:20:46','finished','2015-11-12 00:26:09',NULL,'draw',NULL,'2015-11-12 00:59:20',NULL),(167,30,31,NULL,'AfterWarrior538','JW07hello','derphacker4434','MUN','ASM','fifa15-xboxone','friendlies',NULL,19,'2015-11-12 00:38:06','finished','2015-11-12 00:38:56',NULL,'creator',NULL,'2015-11-12 00:58:51',NULL),(168,30,31,NULL,'AfterWarrior538','JW07hello','derphacker4434','MUN','FCB','fifa15-xboxone','friendlies',NULL,32,'2015-11-12 11:52:43','finished','2015-11-12 11:57:05',NULL,'draw','Watching failed due to internal error','2015-11-12 12:18:41',NULL),(169,30,31,NULL,'AfterWarrior538','JW07hello','derphacker4434','MON','PSG','fifa15-xboxone','friendlies',NULL,44,'2015-11-12 12:20:52','finished','2015-11-12 12:21:11',NULL,'draw','Watching failed due to internal error','2015-11-12 12:37:54',NULL),(170,30,31,NULL,'AfterWarrior538','JW07hello','derphacker4434','FCB','PSG','fifa15-xboxone','friendlies',NULL,47,'2015-11-12 12:41:04','finished','2015-11-12 12:41:29',NULL,'draw','Watching failed due to internal error','2015-11-12 12:58:13',NULL),(171,36,30,NULL,'bestone','AfterWarrior538','link','RUS','Manchester United','fifa15-xboxone','coop',NULL,9,'2015-11-12 13:50:07','finished','2015-11-13 11:58:20',NULL,'draw','Watching failed due to internal error','2015-11-13 11:59:21',NULL),(172,30,31,NULL,'AfterWarrior538','JW07hello','derphacker4434','MUN','FCB','fifa15-xboxone','friendlies',NULL,42,'2015-11-12 17:36:25','finished','2015-11-12 17:49:13',NULL,'draw','MUN vs FCB: 1 - 1','2015-11-12 18:57:12',NULL),(173,36,30,NULL,'bestone','AfterWarrior538','link','M60','KOE','fifa15-xboxone','friendlies',NULL,10,'2015-11-12 18:22:26','finished','2015-11-12 18:23:19',NULL,'draw','Watching failed due to internal error','2015-11-12 18:24:20',NULL),(174,30,31,NULL,'AfterWarrior538','JW07hello','derphacker4434','ENG','Argentina','fifa15-xboxone','friendlies',NULL,67,'2015-11-12 18:59:05','finished','2015-11-12 19:02:56',NULL,'creator',NULL,'2015-11-12 19:27:27',NULL),(175,30,31,NULL,'AfterWarrior538','JW07hello','derphacker4434','ENG','ARG','fifa15-xboxone','friendlies',NULL,17,'2015-11-12 19:28:46','finished','2015-11-12 19:40:27',NULL,'draw','ENG vs ARG: 2 - 2','2015-11-12 19:57:27',NULL),(176,30,31,NULL,'AfterWarrior538','JW07hello','derphacker4434','ENG','arg','fifa15-xboxone','friendlies',NULL,38,'2015-11-12 20:02:01','finished','2015-11-12 20:02:22',NULL,'opponent','ENG vs ARG: 3 - 9','2015-11-12 20:22:27',NULL),(177,30,31,NULL,'AfterWarrior538','JW07hello','derphacker4434','MUN',NULL,'fifa15-xboxone','friendlies',NULL,100,'2015-11-12 20:28:23','cancelled','2015-12-11 16:23:44',NULL,NULL,NULL,NULL,NULL),(178,36,30,NULL,'bestone','AfterWarrior538','link','BAR','Houston Dynamo','fifa14-xboxone','coop',NULL,9,'2015-11-12 21:27:07','finished','2015-11-12 21:34:29',NULL,'draw','Watching failed due to internal error','2015-11-12 21:35:29',NULL),(179,30,31,NULL,'AfterWarrior538','JW07hello','derphacker4434','MUN',NULL,'fifa15-xboxone','friendlies',NULL,42,'2015-11-12 23:56:41','new',NULL,NULL,NULL,NULL,NULL,NULL),(180,36,30,NULL,'bestone','AfterWarrior538','link','FCN',NULL,'fifa15-xboxone','coop',NULL,9,'2015-11-13 07:46:01','cancelled','2015-11-13 07:46:11',NULL,NULL,NULL,NULL,NULL),(181,36,30,NULL,'bestone','AfterWarrior538','link','M60',NULL,'fifa14-xboxone','coop',NULL,9,'2015-11-13 10:09:13','declined','2015-11-26 17:57:18',NULL,NULL,NULL,NULL,NULL),(182,30,36,NULL,'AfterWarrior538','bestone','link','HOU',NULL,'fifa14-xboxone','friendlies',NULL,28,'2015-11-13 12:08:54','cancelled','2015-11-26 17:57:14',NULL,NULL,NULL,NULL,NULL),(183,30,36,NULL,'AfterWarrior538','bestone','link','AJA',NULL,'fifa14-xboxone','fut',NULL,23,'2015-11-13 12:13:18','cancelled','2015-11-26 17:57:08',NULL,NULL,NULL,NULL,NULL),(184,30,31,NULL,'AfterWarrior538','JW07hello','bh','MUN',NULL,'fifa15-xboxone','friendlies',NULL,144,'2015-11-17 12:03:47','cancelled','2015-11-26 17:57:11',NULL,NULL,NULL,NULL,NULL),(185,30,31,NULL,'AfterWarrior538','JW07hello','derphacker4434','MUN','FC Barcelona','fifa15-xboxone','friendlies',NULL,19,'2015-11-23 12:38:44','finished','2015-11-23 12:40:22',NULL,'draw','Observer terminated without returning any result! Please contact support.','2015-11-23 12:40:42',NULL),(186,30,31,NULL,'AfterWarrior538','JW07hello','derphacker4434','MUN','FC Barcelona','fifa15-xboxone','friendlies',NULL,9,'2015-11-23 12:58:49','finished','2015-11-23 12:59:07',NULL,'draw','Observer terminated without returning any result! Please contact support.','2015-11-23 12:59:18',NULL),(187,30,66,NULL,'AfterWarrior538',NULL,'b','FCN',NULL,'fifa15-xboxone','friendlies',NULL,52,'2015-11-24 16:28:19','cancelled','2015-11-24 21:02:25',NULL,NULL,NULL,NULL,NULL),(188,30,31,NULL,'AfterWarrior538','JW07hello','derphacker4434','MUN','BAR','fifa15-xboxone','friendlies',NULL,10,'2015-11-24 20:58:12','finished','2015-11-24 21:06:23',NULL,'creator','MUN vs MCI: 4 - 2','2015-11-24 21:19:31',NULL),(189,30,31,NULL,'AfterWarrior538','JW07hello','derphacker4434','MUN','BAR','fifa15-xboxone','friendlies',NULL,11,'2015-11-26 14:30:12','finished','2015-11-26 14:33:06',NULL,'draw','Observer terminated without returning any result! Please contact support.','2015-11-26 14:57:39',NULL),(190,30,31,NULL,'AfterWarrior538','JW07hello','derphacker4434','MUN','BAR','fifa15-xboxone','friendlies',NULL,10,'2015-11-26 15:01:58','finished','2015-11-26 15:02:38',NULL,'draw',NULL,'1970-04-26 17:46:40',NULL),(191,31,30,NULL,'JW07hello','AfterWarrior538','/derphacker4434','EVE',NULL,'fifa15-xboxone','friendlies',NULL,99,'2015-11-26 17:36:39','declined','2015-11-26 17:38:16',NULL,NULL,NULL,NULL,NULL),(192,31,30,NULL,'JW07hello','AfterWarrior538','derphacker4434','EVE','PAL','fifa15-xboxone','friendlies',NULL,97,'2015-11-26 17:39:27','finished','2015-11-26 17:44:46',NULL,'creator','EVE vs PAL: 2 - 0','2015-11-26 17:52:56',NULL),(193,31,30,NULL,'JW07hello','AfterWarrior538','derphacker4434','MIL',NULL,'fifa15-xboxone','friendlies',NULL,64,'2015-11-26 17:55:00','declined','2015-11-26 17:56:53',NULL,NULL,NULL,NULL,NULL),(194,31,30,NULL,'JW07hello','AfterWarrior538','derphacker4434','MIL','PSG','fifa15-xboxone','friendlies',NULL,16,'2015-11-26 17:58:34','finished','2015-11-26 17:59:16',NULL,'creator','PSG vs MIL: 0 - 1','2015-11-26 18:13:49',NULL),(195,31,30,NULL,'JW07hello','AfterWarrior538','derphacker4434','JUV','PSG','fifa15-xboxone','friendlies',NULL,65,'2015-11-26 18:15:03','finished','2015-11-26 18:16:53',NULL,'creator','JUV vs PSG: 3 - 0','2015-11-26 18:31:27',NULL),(196,31,30,NULL,'JW07hello','AfterWarrior538','derphacker4434','MCI','CSK','fifa15-xboxone','friendlies',NULL,52,'2015-11-26 18:33:41','finished','2015-11-26 18:35:36',NULL,'creator','CSK vs MCI: 0 - 2','2015-11-26 18:47:52',NULL),(197,31,30,NULL,'JW07hello','AfterWarrior538','derphacker4434','MCI','ROM','fifa15-xboxone','friendlies',NULL,1,'2015-11-26 18:53:34','finished','2015-11-26 18:53:51',NULL,'opponent','ROM vs MCI: 1 - 0','2015-11-26 19:05:51',NULL),(198,31,30,NULL,'JW07hello','AfterWarrior538','derphacker4434','MCI','ROM','fifa15-xboxone','friendlies',NULL,9,'2015-11-26 19:06:36','finished','2015-11-26 19:07:06',NULL,'draw','Observer terminated without returning any result! Please contact support.','2015-11-26 19:21:09',NULL),(199,36,30,NULL,'bestone','AfterWarrior538','link','M60','AaB','fifa15-xboxone','fut',NULL,14,'2015-11-29 19:48:59','finished','2015-12-07 15:11:13',NULL,'draw','Watching failed due to internal error','2015-12-09 21:13:31',NULL),(200,30,31,NULL,'AfterWarrior538','JW07hello','derphacker4434','FCN',NULL,'fifa15-xboxone','friendlies',NULL,71,'2015-11-29 21:30:06','cancelled','2015-11-29 21:30:17',NULL,NULL,NULL,NULL,NULL),(201,30,31,55,'AfterWarrior538','JW07hello','derp','MON',NULL,'fifa15-xboxone','fut',NULL,1,'2015-12-01 21:34:20','cancelled','2015-12-09 10:05:56',30,NULL,NULL,NULL,NULL),(202,30,31,55,'AfterWarrior538','JW07hello','derp','MON',NULL,'fifa15-xboxone','fut',NULL,1,'2015-12-01 21:34:20','cancelled','2015-12-09 12:11:09',NULL,NULL,NULL,NULL,NULL),(203,30,31,55,'AfterWarrior538','JW07hello','derp','MON',NULL,'fifa15-xboxone','fut',NULL,1,'2015-12-01 21:35:08','cancelled','2015-12-09 10:05:27',NULL,NULL,NULL,NULL,NULL),(204,30,31,55,'AfterWarrior538','JW07hello','derp','MON',NULL,'fifa15-xboxone','fut',NULL,1,'2015-12-01 21:36:46','cancelled','2015-12-08 21:05:39',NULL,NULL,NULL,NULL,NULL),(205,31,30,NULL,'JW07hello','AfterWarrior538','dwmcr','MUN',NULL,'fifa15-xboxone','friendlies',NULL,360,'2015-12-05 20:04:03','declined','2015-12-08 21:05:33',NULL,NULL,NULL,NULL,NULL),(206,30,31,NULL,'AfterWarrior538','JW07hello','derphacker4434','MUN',NULL,'fifa15-xboxone','friendlies',NULL,61,'2015-12-07 20:18:05','cancelled','2015-12-08 21:05:22',NULL,NULL,NULL,NULL,NULL),(207,30,31,NULL,'AfterWarrior538','JW07hello','derphacker4434','MUN','MUN','fifa15-xboxone','friendlies',NULL,61,'2015-12-07 20:18:14','finished','2015-12-07 20:19:01',NULL,'draw','Watching failed due to internal error','2015-12-09 21:55:04',NULL),(208,30,31,NULL,'AfterWarrior538','JW07hello','derphacker4434','M60',NULL,'fifa15-xboxone','friendlies',NULL,12,'2015-12-09 10:07:19','cancelled','2015-12-09 12:10:54',NULL,NULL,NULL,NULL,NULL),(209,31,30,NULL,'JW07hello','AfterWarrior538','dwmcr','MUN',NULL,'fifa15-xboxone','friendlies',NULL,50,'2015-12-09 16:56:55','declined','2015-12-09 16:57:18',NULL,NULL,NULL,NULL,NULL),(210,36,63,NULL,'bestone',NULL,'link','ACC',NULL,'fifa15-xboxone','fut',NULL,10,'2015-12-09 18:20:37','cancelled','2015-12-11 14:18:48',NULL,NULL,NULL,NULL,NULL),(211,36,30,NULL,'bestone','AfterWarrior538','link','WIM','AaB','fifa15-xboxone','fut',NULL,12,'2015-12-09 18:22:43','finished','2015-12-11 14:20:16',30,'draw','Watching failed due to internal error','2015-12-11 14:21:29',NULL),(212,30,31,NULL,'AfterWarrior538','JW07hello','derphacker4434','KOE',NULL,'fifa15-xboxone','friendlies',NULL,12,'2015-12-10 16:40:40','cancelled','2015-12-10 16:43:22',NULL,NULL,NULL,NULL,NULL),(213,36,30,NULL,'76561197967284068','76561198046955409',NULL,NULL,NULL,'dota2','',NULL,10,'2015-12-14 07:45:23','aborted','2015-12-14 07:46:13',36,'draw','Challenge was aborted by request of Vlad Konon','2015-12-14 08:16:42',NULL),(214,36,30,NULL,'76561197967284068','76561197990045384',NULL,NULL,NULL,'dota2','',NULL,5,'2015-12-14 08:38:34','aborted','2015-12-14 08:43:44',30,'draw','Challenge was aborted by request of DERP HACKER','2015-12-14 08:44:36',NULL),(215,36,30,NULL,'76561197967284068','76561197990045384',NULL,NULL,NULL,'dota2','',NULL,5,'2015-12-14 08:42:28','aborted','2015-12-14 08:45:13',30,'draw','Challenge was aborted by request of DERP HACKER','2015-12-14 08:55:28',NULL),(216,36,30,NULL,'76561197967284068','76561197990045384',NULL,NULL,NULL,'dota2','',NULL,5,'2015-12-14 08:58:27','aborted','2015-12-14 08:59:12',36,'draw','Challenge was aborted by request of Vlad Konon','2015-12-14 09:00:00',NULL),(217,36,30,NULL,'br/super/15582335','br/Hyper/9291743',NULL,NULL,NULL,'league-of-legends','RANKED_SOLO_5x5',NULL,5,'2015-12-14 09:22:50','aborted','2015-12-14 09:26:12',30,'draw','Challenge was aborted by request of DERP HACKER','2015-12-14 21:52:09',NULL),(218,36,30,NULL,'br/super/15582335','br/Hyper/9291743',NULL,NULL,NULL,'league-of-legends','RANKED_SOLO_5x5',NULL,8,'2015-12-14 09:33:01','aborted','2015-12-14 09:33:38',30,'draw','Challenge was aborted by request of DERP HACKER','2015-12-14 21:17:02',NULL),(219,30,31,NULL,'AfterWarrior538','jw07hello','hdhhd','KOE','BAR','fifa15-xboxone','friendlies',NULL,123,'2015-12-14 14:44:40','finished','2015-12-14 14:45:21',NULL,'draw','Watching failed due to internal error','2015-12-14 14:46:32',NULL),(220,30,31,NULL,'AfterWarrior538','jw07hello','derphacker4434','MUN','FCB','fifa15-xboxone','friendlies',NULL,10,'2015-12-14 16:20:19','finished','2015-12-14 16:21:10',NULL,'draw','Observer terminated without returning any result! Please contact support.','2015-12-14 16:41:11',NULL),(221,30,31,NULL,'AfterWarrior538','a','derphacker4434','FCB','BAR','fifa15-xboxone','friendlies',NULL,10,'2015-12-14 16:50:50','finished','2015-12-14 16:53:38',NULL,'draw','Observer terminated without returning any result! Please contact support.','2015-12-14 17:08:46',NULL),(222,36,30,NULL,'br/super/15582335','br/Hyper/9291743',NULL,NULL,NULL,'league-of-legends','RANKED_SOLO_5x5',NULL,10,'2015-12-14 21:54:36','aborted','2015-12-14 21:55:02',36,'draw','Challenge was aborted by request of Vlad Konon','2015-12-14 21:56:02',NULL),(223,30,31,NULL,'AfterWarrior538','jw07hello','derphacker4434','MUN','BVB','fifa15-xboxone','friendlies',NULL,1,'2015-12-15 19:39:49','finished','2015-12-15 19:40:49',NULL,'opponent','MUN vs BVB: 5 - 9','2015-12-15 20:04:32',NULL),(224,31,30,NULL,'JW07hello','sjhdf','markhl12','MUN','CSK','fifa15-xboxone','friendlies',NULL,10,'2015-12-16 14:17:06','aborted','2015-12-16 14:18:07',30,'draw','Challenge was aborted by request of DERP HACKER','2015-12-16 14:24:34',NULL),(225,30,31,NULL,'AfterWarrior538','jajj','markhl12','MUN','MCI','fifa15-xboxone','friendlies',NULL,10,'2015-12-16 15:06:50','aborted','2015-12-16 15:59:40',30,'draw','Challenge was aborted by request of DERP HACKER','2015-12-16 16:03:50',NULL),(226,30,31,NULL,'AfterWarrior538','c','markhl12','MUN','CHE','fifa15-xboxone','friendlies',NULL,1,'2015-12-16 16:04:36','finished','2015-12-16 16:08:47',NULL,'draw','Observer terminated without returning any result! Please contact support.','2015-12-16 16:14:45',NULL),(227,31,30,NULL,'JW07hello','AfterWarrior538','dwmcr','M60',NULL,'fifa15-xboxone','friendlies',NULL,20,'2015-12-18 08:04:55','declined','2015-12-21 00:53:26',NULL,NULL,NULL,NULL,NULL),(228,31,30,NULL,'JW07hello','AfterWarrior538','dwmcr','FCB',NULL,'fifa15-xboxone','friendlies',NULL,10,'2015-12-18 09:39:07','declined','2015-12-21 00:53:24',NULL,NULL,NULL,NULL,NULL),(229,31,30,NULL,'JW07hello','AfterWarrior538','dwmcr','MUN',NULL,'fifa15-xboxone','friendlies',NULL,5,'2015-12-25 00:36:31','new',NULL,NULL,NULL,NULL,NULL,NULL);
/*!40000 ALTER TABLE `game` ENABLE KEYS */;
UNLOCK TABLES;

--
-- Table structure for table `participant`
--

DROP TABLE IF EXISTS `participant`;
/*!40101 SET @saved_cs_client     = @@character_set_client */;
/*!40101 SET character_set_client = utf8 */;
CREATE TABLE `participant` (
  `player_id` int(11) NOT NULL,
  `tournament_id` int(11) NOT NULL,
  `defeated` tinyint(1) NOT NULL DEFAULT '0',
  `round` int(11) NOT NULL DEFAULT '1',
  `order` int(11) DEFAULT NULL,
  PRIMARY KEY (`player_id`,`tournament_id`),
  UNIQUE KEY `tournament_id` (`tournament_id`,`order`),
  CONSTRAINT `participant_ibfk_1` FOREIGN KEY (`player_id`) REFERENCES `player` (`id`),
  CONSTRAINT `participant_ibfk_2` FOREIGN KEY (`tournament_id`) REFERENCES `tournament` (`id`)
) ENGINE=InnoDB DEFAULT CHARSET=utf8;
/*!40101 SET character_set_client = @saved_cs_client */;

--
-- Dumping data for table `participant`
--

LOCK TABLES `participant` WRITE;
/*!40000 ALTER TABLE `participant` DISABLE KEYS */;
INSERT INTO `participant` VALUES (96,1,0,1,0);
/*!40000 ALTER TABLE `participant` ENABLE KEYS */;
UNLOCK TABLES;

--
-- Table structure for table `player`
--

DROP TABLE IF EXISTS `player`;
/*!40101 SET @saved_cs_client     = @@character_set_client */;
/*!40101 SET character_set_client = utf8 */;
CREATE TABLE `player` (
  `id` int(11) NOT NULL AUTO_INCREMENT,
  `nickname` varchar(64) DEFAULT NULL,
  `email` varchar(128) DEFAULT NULL,
  `password` tinyblob,
  `facebook_token` varchar(128) DEFAULT NULL,
  `facebook_id` varchar(64) DEFAULT NULL,
  `twitter_token` varchar(256) DEFAULT NULL,
  `twitter_id` int(11) DEFAULT NULL,
  `williamhill_id` varchar(128) DEFAULT NULL,
  `williamhill_token` varchar(128) DEFAULT NULL,
  `create_date` datetime DEFAULT NULL,
  `bio` text,
  `ea_gamertag` varchar(64) DEFAULT NULL,
  `fifa_team` varchar(64) DEFAULT NULL,
  `riot_summonerName` varchar(64) DEFAULT NULL,
  `steam_id` varchar(64) DEFAULT NULL,
  `starcraft_uid` varchar(64) DEFAULT NULL,
  `tibia_character` varchar(64) DEFAULT NULL,
  `balance` float DEFAULT '0',
  `locked` float DEFAULT '0',
  PRIMARY KEY (`id`),
  UNIQUE KEY `riot_summonerName` (`riot_summonerName`),
  UNIQUE KEY `tibia_character` (`tibia_character`),
  UNIQUE KEY `ea_gamertag` (`ea_gamertag`),
  UNIQUE KEY `nickname` (`nickname`),
  UNIQUE KEY `email` (`email`),
  UNIQUE KEY `steam_id` (`steam_id`),
  UNIQUE KEY `starcraft_uid` (`starcraft_uid`)
) ENGINE=InnoDB AUTO_INCREMENT=108 DEFAULT CHARSET=utf8;
/*!40101 SET character_set_client = @saved_cs_client */;

--
-- Dumping data for table `player`
--

LOCK TABLES `player` WRITE;
/*!40000 ALTER TABLE `player` DISABLE KEYS */;
INSERT INTO `player` VALUES (30,'DERP HACKER','mark767@live.co.uk','Q۹ʫmFZ7+3!nSFMc``l','CAAMixPsZAEMYBAOyjEKSQ7Q4DrC8kIUvqAPbmVxygPVcoevJu87FzP9UziCuJDcALP550fP3ZAluvZC0i3vcnna9xtKIV0GOjuszao3i0VVTRrS0tUX4tbMd5lv0HZC','mark767@live.co.uk',NULL,NULL,NULL,NULL,'2015-08-02 20:23:15',NULL,'AfterWarrior538',NULL,NULL,NULL,NULL,NULL,894,217),(31,'D1','doug@betgame.co.uk','CWW\0>|XT\0~5ngLGx)$a',NULL,NULL,NULL,NULL,NULL,NULL,'2015-08-02 20:23:27',NULL,'JW07hello',NULL,NULL,NULL,NULL,NULL,1070,118),(32,'andriternovy1234','andriternovy1234@gmail.com','s|k(\nOD5r?dM=mr%',NULL,NULL,NULL,NULL,NULL,NULL,'2015-08-03 12:16:03',NULL,'Che Hasty10',NULL,NULL,NULL,NULL,NULL,160,0),(33,'Panchew','andriternovy123@gmail.com','I!8dX,{nh;śN	',NULL,NULL,NULL,NULL,NULL,NULL,'2015-08-03 13:17:05',NULL,'Panchew',NULL,NULL,NULL,NULL,NULL,200,44),(34,'test','andriternovy12345@gmail.com','}̤aOU0gN.<\"D5NeXK',NULL,NULL,NULL,NULL,NULL,NULL,'2015-08-03 13:43:24',NULL,NULL,NULL,NULL,NULL,NULL,NULL,0,0),(35,'MarSoft','marsoft@ya.ru','on5`Pg8:B\',E2\'b',NULL,NULL,NULL,NULL,NULL,NULL,'2015-08-04 22:11:08',NULL,NULL,NULL,NULL,NULL,NULL,NULL,100,0),(36,'Vlad Konon','vlkonon@gmail.com','ow0D(_j','CAAMixPsZAEMYBAJYPosVmuAeEJrWmdnxkvBXoOaPncpR84bwJSx0xgzZBIfW3W9R5NbcSjuCndTxI9A9Hc04yQixauXaNxUBWYE69dSPG5lQZAoObYsmy1WqVuwOgUJ','vlkonon@gmail.com',NULL,NULL,NULL,NULL,'2015-08-12 12:14:19',NULL,'bestone',NULL,'br/super/15582335','76561197967284068',NULL,NULL,100,-37),(37,'Ned Ned','nned007@mail.ru','ȑ\n@gjB f','CAAMixPsZAEMYBAERM7En6pmZCorzhAieeLtBD0MKCoacFZAZCU0XitqC7l8uYrornUhjvszqYzk9X9W5ZAddi3A1SRtjl4uwVVZB1IrjnyAXSAs7wfkXMv04nmXhwkr',NULL,NULL,NULL,NULL,NULL,'2015-08-12 19:57:08',NULL,NULL,NULL,NULL,NULL,NULL,NULL,0,0),(38,'Juan Carlos Ferraris','juancferraris@gmail.com','JL ̛1=0','CAAMixPsZAEMYBAPnZAzZArpqDZB6nBd5ezeqajPXrcLaxODZB92I1B1Sup0taZB8IXslgpSkhN0tOoDahctypChrdHHYyAZC9wuIp1Kvs4XUmQdWiKGHtrC3xEKMaZB',NULL,NULL,NULL,NULL,NULL,'2015-08-14 14:35:15',NULL,NULL,NULL,NULL,NULL,NULL,NULL,0,0),(39,'VLkonon','vlkonon@mail.ru','r*z&Q|u`SW#֎P=F̫:B',NULL,NULL,NULL,NULL,NULL,NULL,'2015-08-19 10:43:30',NULL,'DERP%20HACKER',NULL,NULL,NULL,NULL,NULL,0,0),(40,'juank85','hi@juancferraris.com','vEaTi3*@}}D|Fb[',NULL,NULL,NULL,NULL,NULL,NULL,'2015-08-26 18:58:31',NULL,NULL,NULL,NULL,NULL,NULL,NULL,0,0),(41,'messi','vlkonon@inbox.ru','13/\"B4 [J΀W\0',NULL,NULL,NULL,NULL,NULL,NULL,'2015-09-06 13:10:31',NULL,'gamer',NULL,NULL,NULL,NULL,NULL,0,0),(42,'theone','markjobposting757@gmail.com',',g߱I,{|hD%z<',NULL,NULL,'3512402303-7UDgoXJPDKCk5yxcRLrPkGDTnPiM4RsVrxVXTcg:eHz2VtKgCjzsxJNHIOJlBU7Bn9VUv2zlvdmqXcoOcWClg',2147483647,NULL,NULL,'2015-09-08 10:23:15',NULL,'messi123',NULL,NULL,NULL,NULL,NULL,0,0),(43,'Hoàng Xuân Thanh','illidan_lv13@yahoo.com','з0FY\ZA0','CAAMixPsZAEMYBAOrPLWOWayOUIMxfvpctY4ZBiZBZAoAPAVRj87DkUQs539CSHVsG5aiJAPo2bWvQZAgx1Dqu7cjueJuW3uWlmQIbfh9faQepDJsTWI1MEbGyACZBNA',NULL,NULL,NULL,NULL,NULL,'2015-09-13 06:30:26',NULL,NULL,NULL,NULL,NULL,NULL,NULL,0,0),(44,'santyor','a@kra.vc','AT3B\n.vEE{^z{CĠNf>',NULL,NULL,NULL,NULL,NULL,NULL,'2015-09-13 07:44:30',NULL,NULL,NULL,NULL,NULL,NULL,NULL,0,0),(45,'Fincher Justin','zhtsu47@me.com','9M5E*I','CAAMixPsZAEMYBABBsdrrXmrh7ZArm8aSZCtUizGhZC7tsJTfKKfPGik36bf9lw5720X6OnPWJKJngDhbXFNp9V6ZCuujDFPcXGygwnfZCZCGvsqS7RA01fB5RMfjiNh',NULL,NULL,NULL,NULL,NULL,'2015-09-13 12:14:01',NULL,NULL,NULL,NULL,NULL,NULL,NULL,0,0),(46,'1lann','1lanncontact@gmail.com','5T%Di0WOr',NULL,NULL,NULL,NULL,NULL,NULL,'2015-09-13 12:17:40',NULL,NULL,NULL,NULL,NULL,NULL,NULL,0,0),(47,'Pavel  Ivanov','grammka@gmail.com','w5C(.','CAAMixPsZAEMYBAJHvAgtgPk03BVmBAZCj6cXCfXrA7y8VYpcX8Xny8TvZAKJxd3vZCmODXIX2s3ZCc0gxvtYc5JporgiKeNCyVy5sU1LsQrYEaHLCHUGYZAJkUQhp3Y',NULL,NULL,NULL,NULL,NULL,'2015-09-13 12:36:39',NULL,NULL,NULL,NULL,NULL,NULL,NULL,0,0),(48,'JulesTheGodOfMC','julesle123456789@gmail.com','`5*kJ EtH&G;\rGA^!',NULL,NULL,NULL,NULL,NULL,NULL,'2015-09-13 13:11:29',NULL,'JulesWitold',NULL,NULL,NULL,NULL,NULL,0,0),(49,'Amine Boudalia','amineb@umich.edu','j*mhGX ˯','CAAMixPsZAEMYBACgn1ADmZA9G9Ut0t5vFX4nKRz6UXa9hSZAsUUAula3sU090Fk04AAEZCPPQJN2geW8w0nZAZAoH94BFhcUORR5QiXzXmKh1bGuTHSbQs4bRSEnky7',NULL,NULL,NULL,NULL,NULL,'2015-09-13 14:21:35',NULL,NULL,NULL,NULL,NULL,NULL,NULL,0,0),(50,'Peter Soboyejo','peter.soboyejo@aol.com','V0oEcubHY','CAAMixPsZAEMYBAAuqCvPZCFvIIHqwacJeg4Hn4edy4jVG5muLnZB7tOMRhSvT6jIIcgI12gECJI1rHDPYLx8pnr1qP4800kAd6IoOYokZCl0Da39C2HVKegD64cTxHa','peter.soboyejo@aol.com',NULL,NULL,NULL,NULL,'2015-09-13 18:18:02',NULL,NULL,NULL,NULL,NULL,NULL,NULL,0,0),(51,'zileanaire','yantseytsai@gmail.com','@WF+E\\Ŏ!I*J/&',NULL,NULL,NULL,NULL,NULL,NULL,'2015-09-13 18:29:17',NULL,NULL,NULL,NULL,NULL,NULL,NULL,0,0),(52,'thanh','thanh@gmail.com','GQHjY	M69@SX',NULL,NULL,NULL,NULL,NULL,NULL,'2015-09-13 23:13:59',NULL,NULL,NULL,NULL,NULL,NULL,NULL,0,0),(53,'arthur','arthur@sabintsev.com','̞.弿L:VSLxӟHKa',NULL,NULL,NULL,NULL,NULL,NULL,'2015-09-14 00:13:54',NULL,NULL,NULL,NULL,NULL,NULL,NULL,0,0),(54,'phil','phil@laby.org','`昿^2/]M~y)4ƚэK]\Zu',NULL,NULL,NULL,NULL,NULL,NULL,'2015-09-14 08:20:27',NULL,NULL,NULL,NULL,NULL,NULL,NULL,0,0),(55,'Zach Dunn','dunn.zach@gmail.com','i$@/&','CAAMixPsZAEMYBAMCUMOumXazZC4ftpSnbPEqrhAa2Bi6WlJZBIJXpQ7ziBRYphZBFrNr98wtLPOC85AAXFpYKAcK60KkPUtGzKGubSfpZAAJUqFPHTJ8ZCXdxQvRXbH',NULL,NULL,NULL,NULL,NULL,'2015-09-14 16:09:28',NULL,NULL,NULL,NULL,NULL,NULL,NULL,0,0),(56,'Philip Yu','sharp0713@gmail.com','<\ZGu§r','CAAMixPsZAEMYBALC8XJjgHshAMe7i9LOGHS6hfivpEOw5lCTSLg4lOYwRvBuElmrqGqBzgtTncXNKgZBnP1kxo6CiACoOFG7PrS64Af26FZCOs0GhZCZCGN7y7hsIQD',NULL,NULL,NULL,NULL,NULL,'2015-09-15 00:56:31',NULL,NULL,NULL,NULL,NULL,NULL,NULL,0,0),(57,'James Walker','walkah@walkah.net','hӪM!o;','CAAMixPsZAEMYBAHbqNOhFBVi4HkVoKlWDKJZBXrk1xwZCoZCNyrtKrl4ZCTN1Nytoo3ZCvCXfHhPALQwzU3XBFJJdPNMuyTSUmnLZBiJIbDvh5hFN5R53jr8v44NWOr',NULL,NULL,NULL,NULL,NULL,'2015-09-15 02:33:37',NULL,NULL,NULL,NULL,NULL,NULL,NULL,0,0),(58,'Mateus Barros De Moura Pereira','butcraft@gmail.com','khY\"G7xCUF:m^hV','CAAMixPsZAEMYBAK1UnBldpZB2w8RECeISKm4ZAb7cuhtRuoF6EhP37GS3DrL8igJ0iCgsnkHZATZCT7Vhyxw1ZAiEGIwbTnenGPGFLp6kG2k6ApnDMRc6WpsatfT4qt',NULL,NULL,NULL,NULL,NULL,'2015-09-18 02:48:32',NULL,NULL,NULL,NULL,NULL,NULL,NULL,0,0),(59,'Jordan Ranson','jordanranson@gmail.com','p 6G!s|1','CAAMixPsZAEMYBAPekZB3Ls8IQAsD9C5g5XneDgWtAWKveZBXJCluJ26IRNYC7QJ5FRpSmiUuwFJ4jdmiFZBXmsewxxNeu0gP0F7TnFNZAmWFkq1WhZAkP9kuA7jLcfE',NULL,NULL,NULL,NULL,NULL,'2015-09-22 04:24:00',NULL,NULL,NULL,NULL,NULL,NULL,NULL,0,0),(60,'betgame1','hdhdidj@gmail.com','U\0p|aנTs5\0IUNno',NULL,NULL,NULL,NULL,NULL,NULL,'2015-09-28 14:49:38',NULL,'PLACEYOURODDS',NULL,NULL,NULL,NULL,NULL,500,98),(61,'djdjjdjdjfjff','hdhdjdjjd@gmail.com','0oftol5~Z*+kC/<Q',NULL,NULL,NULL,NULL,NULL,NULL,'2015-09-28 15:04:53',NULL,'WORTHABET',NULL,NULL,NULL,NULL,NULL,0,0),(62,'vl1','vl@vl.vl','\0cAr wPN#)eP',NULL,NULL,NULL,NULL,NULL,NULL,'2015-10-15 09:03:37',NULL,NULL,NULL,NULL,NULL,NULL,NULL,0,0),(63,'VladConan','63197495','MJeqBz*Kj',NULL,NULL,'63197495-DTJrshCNDtxqLItanLttXjcb8HjDJgXnO9zAipag0:p0geRdt1dFONfD4YxdcsrDkR16ATvOS8Sffn8cEL9GRPk',NULL,NULL,NULL,'2015-10-23 16:01:04',NULL,NULL,NULL,NULL,NULL,NULL,NULL,0,0),(64,'anson','m163876@usna.edu','eP7׿)U%OS\Z',NULL,NULL,NULL,NULL,NULL,NULL,'2015-10-23 17:06:42',NULL,NULL,NULL,NULL,NULL,NULL,NULL,0,0),(65,'Vlad 1',NULL,'m\Z5AصG	',NULL,NULL,'63197495-DTJrshCNDtxqLItanLttXjcb8HjDJgXnO9zAipag0:p0geRdt1dFONfD4YxdcsrDkR16ATvOS8Sffn8cEL9GRPk',63197495,NULL,NULL,'2015-10-24 04:16:01',NULL,NULL,NULL,NULL,NULL,NULL,NULL,0,0),(66,'karl','karl@effector.ie','d5;\Zfd@&)@4\Z3o',NULL,NULL,NULL,NULL,NULL,NULL,'2015-11-14 14:11:46',NULL,NULL,NULL,NULL,NULL,NULL,NULL,0,0),(67,'hdbd','karlibrien@ne..co','<cਦbőAAr_mU#I/<!#H',NULL,NULL,NULL,NULL,NULL,NULL,'2015-11-26 18:34:48',NULL,NULL,NULL,NULL,NULL,NULL,NULL,0,0),(68,'Karl O\' Brien','karlobrien@me.com','XB(bNC׺_','CAAMixPsZAEMYBAAZCs3F5CMcuZCwqD756mdQMR8OiZCKr8EMiRQRn9E952x8KyMPsAZAi15Enuy3rTaiJdbEpyVMW577RP8cE7pOTzLi87efsXninZAmWAnatq4MZCA','karlobrien@me.com',NULL,NULL,NULL,NULL,'2015-12-15 16:29:10',NULL,NULL,NULL,NULL,NULL,NULL,NULL,0,0),(69,'_david_carter','david.carter@corporate-group.net','P\ZBȫ\'Ff^',NULL,NULL,'311211783-yobteYSZIf916gz09zUvYXLOgQxKB2bMrzOCm5aa:EBzYeBtK9zNuctdctgQgnsdR3vVNMzJ2QnJhggbqzaySI',311211783,NULL,NULL,'2015-12-21 14:49:18',NULL,NULL,NULL,NULL,NULL,NULL,NULL,0,0),(70,'Betone Game','','TC=<J,g\Zp',NULL,NULL,NULL,NULL,'52793','TGT-9682-cOa0beEKU47Ufr2mBSqKHcleriO3ZuGfQZfeSbpBckneU2xAxd-brsux5711','2015-12-24 19:17:07',NULL,NULL,NULL,NULL,NULL,NULL,NULL,0,0),(71,'Doug Ward','the_dougie_ward@hotmail.com','\"N7#M&_&2','CAAMixPsZAEMYBACOBkyMuX3Jb74U66piduTNdBXvIEYJZBHnGwsX0kJkFSirn5JZBE6ZBGLo14gywZASq41GYfb7EUTKlKjZA485sNwibNhBGwC456YnqpMeqzoxGZA','the_dougie_ward@hotmail.com',NULL,NULL,NULL,NULL,'2015-12-25 00:33:01',NULL,NULL,NULL,NULL,NULL,NULL,NULL,0,0),(72,'cherurg','karpovad@yandex.ru','tgTBuɚ&*jmámN\\3',NULL,NULL,NULL,NULL,NULL,NULL,'2016-01-01 19:52:32',NULL,NULL,NULL,NULL,NULL,NULL,NULL,0,0),(73,'j1492885','j1492885@trbvm.com','%CF%`\';FГ5$YvFHs#\nEb',NULL,NULL,NULL,NULL,NULL,NULL,'2016-01-01 20:02:13',NULL,NULL,NULL,NULL,NULL,NULL,NULL,0,0),(74,'j1492886','j1492886@trbvm.com','kV\Z>J:>J%ܒTW',NULL,NULL,NULL,NULL,NULL,NULL,'2016-01-01 20:03:19',NULL,NULL,NULL,NULL,NULL,NULL,NULL,0,0),(75,'cherurg2','brn72099@iaoss.com','\rױ-\0m?\'NMm|rP ',NULL,NULL,NULL,NULL,NULL,NULL,'2016-01-01 20:07:01',NULL,NULL,NULL,NULL,NULL,NULL,NULL,0,0),(76,'j1503120','j1503120@trbvm.com','0+_]FӴ,`eGuFU=Jk\ZO=',NULL,NULL,NULL,NULL,NULL,NULL,'2016-01-01 23:22:09',NULL,NULL,NULL,NULL,NULL,NULL,NULL,0,0),(77,'j1509454@trbvm.com','j1509454@trbvm.com','qX5HDezⴘfEh',NULL,NULL,NULL,NULL,NULL,NULL,'2016-01-02 02:13:14',NULL,NULL,NULL,NULL,NULL,NULL,NULL,0,0),(78,'txv18235@iaoss.com','txv18235@iaoss.com','4VF\r6URuKsH;U]C\n&\Z+8!A',NULL,NULL,NULL,NULL,NULL,NULL,'2016-01-02 02:15:28',NULL,NULL,NULL,NULL,NULL,NULL,NULL,0,0),(79,'j1510203@trbvm.com','j1510203@trbvm.com','Z))lHag9,3R@\0@}',NULL,NULL,NULL,NULL,NULL,NULL,'2016-01-02 02:19:48',NULL,NULL,NULL,NULL,NULL,NULL,NULL,0,0),(80,'j1512464@trbvm.com','j1512464@trbvm.com','p#hX{E$i8@::(}$C&H3;T',NULL,NULL,NULL,NULL,NULL,NULL,'2016-01-02 03:26:01',NULL,NULL,NULL,NULL,NULL,NULL,NULL,0,0),(81,'yiz30022@iaoss.com','yiz30022@iaoss.com','\Zbѻ-PGXB}p;FJk|',NULL,NULL,NULL,NULL,NULL,NULL,'2016-01-02 03:27:24',NULL,NULL,NULL,NULL,NULL,NULL,NULL,0,0),(82,'j1512782@trbvm.com','j1512782@trbvm.com','wO	4#a+uG׸%f',NULL,NULL,NULL,NULL,NULL,NULL,'2016-01-02 03:35:55',NULL,NULL,NULL,NULL,NULL,NULL,NULL,0,0),(83,'j1533966@trbvm.com','j1533966@trbvm.com','> L.E(]Qc22@1cF',NULL,NULL,NULL,NULL,NULL,NULL,'2016-01-02 13:34:46',NULL,NULL,NULL,NULL,NULL,NULL,NULL,0,0),(84,'gta26511@iaoss.com','gta26511@iaoss.com','\Z(a!j*pաpؤ@W0z',NULL,NULL,NULL,NULL,NULL,NULL,'2016-01-02 13:45:03',NULL,NULL,NULL,NULL,NULL,NULL,NULL,0,0),(85,'j1534625@trbvm.com','j1534625@trbvm.com','0Nq~xvv¸׸LT ',NULL,NULL,NULL,NULL,NULL,NULL,'2016-01-02 13:47:48',NULL,NULL,NULL,NULL,NULL,NULL,NULL,0,0),(86,'j1535175@trbvm.com','j1535175@trbvm.com','%CFcG{-)dOPO&',NULL,NULL,NULL,NULL,NULL,NULL,'2016-01-02 13:58:10',NULL,NULL,NULL,NULL,NULL,NULL,NULL,0,0),(87,'gvh44887@iaoss.com','gvh44887@iaoss.com','\Z\"kYK}QJGuO_ۛF\0%acGqE',NULL,NULL,NULL,NULL,NULL,NULL,'2016-01-02 14:00:34',NULL,NULL,NULL,NULL,NULL,NULL,NULL,0,0),(88,'dof72x9zxdgcwv7w@my10minutemail.com','dof72x9zxdgcwv7w@my10minutemail.com','UpӍtK$Z{\0כR9O_bJz1',NULL,NULL,NULL,NULL,NULL,NULL,'2016-01-02 14:02:15',NULL,NULL,NULL,NULL,NULL,NULL,NULL,0,0),(89,'fdzdbfvj@10mail.org','fdzdbfvj@10mail.org','˱e\'|YBFGc+y',NULL,NULL,NULL,NULL,NULL,NULL,'2016-01-02 14:04:18',NULL,NULL,NULL,NULL,NULL,NULL,NULL,0,0),(90,'j1547337@trbvm.com','j1547337@trbvm.com','/fvĊETBi\n\Z\r*~',NULL,NULL,NULL,NULL,NULL,NULL,'2016-01-02 17:54:02',NULL,NULL,NULL,NULL,NULL,NULL,NULL,0,0),(91,'j1552136@trbvm.com','j1552136@trbvm.com','Bv\0>qC1챦kIeR',NULL,NULL,NULL,NULL,NULL,NULL,'2016-01-02 19:21:07',NULL,NULL,NULL,NULL,NULL,NULL,NULL,0,0),(92,'txx66538@iaoss.com','txx66538@iaoss.com','&;D]Gb<H\0YAWf@:ٴst4',NULL,NULL,NULL,NULL,NULL,NULL,'2016-01-02 19:29:11',NULL,NULL,NULL,NULL,NULL,NULL,NULL,0,0),(93,'j1552920@trbvm.com','j1552920@trbvm.com','[ɰ9[8{N|e2u/fA7',NULL,NULL,NULL,NULL,NULL,NULL,'2016-01-02 19:36:23',NULL,NULL,NULL,NULL,NULL,NULL,NULL,0,0),(94,'j1628475@trbvm.com','j1628475@trbvm.com','.fIN	ǖR@Er@ޝ!YU\0',NULL,NULL,NULL,NULL,NULL,NULL,'2016-01-04 00:28:20',NULL,NULL,NULL,NULL,NULL,NULL,NULL,0,0),(95,'cats','cats@cats.com','liIgM<xHw{E\r-犞',NULL,NULL,NULL,NULL,NULL,NULL,'2016-01-04 00:29:46',NULL,NULL,NULL,NULL,NULL,NULL,NULL,0,0),(96,'vovanz','vovanzagorodsky@gmail.com','<pgL]227<Nԃbc;',NULL,NULL,NULL,NULL,NULL,NULL,'2016-01-04 00:34:18',NULL,NULL,NULL,NULL,NULL,NULL,NULL,100500,1),(97,'j1634951@trbvm.com','j1634951@trbvm.com','m@1Q;K	u{F%\'sAC*wZ5i',NULL,NULL,NULL,NULL,NULL,NULL,'2016-01-04 03:33:23',NULL,NULL,NULL,NULL,NULL,NULL,NULL,0,0),(98,'test_player_0','test_player_0@example.com','?jB]OPrLS[(m#ww<]G@0X ',NULL,NULL,NULL,NULL,NULL,NULL,'2016-01-05 17:06:43',NULL,NULL,NULL,NULL,NULL,NULL,NULL,0,0),(99,'test_player_1','test_player_1@example.com','Co-bÈ,Io4>^mC-IQ1l',NULL,NULL,NULL,NULL,NULL,NULL,'2016-01-05 17:06:43',NULL,NULL,NULL,NULL,NULL,NULL,NULL,0,0),(100,'test_player_2','test_player_2@example.com','>7\\rhz\\vJ4\"%',NULL,NULL,NULL,NULL,NULL,NULL,'2016-01-05 17:06:43',NULL,NULL,NULL,NULL,NULL,NULL,NULL,0,0),(101,'test_player_3','test_player_3@example.com',';J*\nsA&	.;:q#UO\"wI',NULL,NULL,NULL,NULL,NULL,NULL,'2016-01-05 17:06:43',NULL,NULL,NULL,NULL,NULL,NULL,NULL,0,0),(102,'test_player_4','test_player_4@example.com','ꇮ;\"M Ju+u;4Z0\\L\r 1w',NULL,NULL,NULL,NULL,NULL,NULL,'2016-01-05 17:06:43',NULL,NULL,NULL,NULL,NULL,NULL,NULL,0,0),(103,'test_player_5','test_player_5@example.com','/K\'GES&%ڀ++iBc.Ku',NULL,NULL,NULL,NULL,NULL,NULL,'2016-01-05 17:06:43',NULL,NULL,NULL,NULL,NULL,NULL,NULL,0,0),(104,'test_player_6','test_player_6@example.com','#k])y?*mD0ﺤY',NULL,NULL,NULL,NULL,NULL,NULL,'2016-01-05 17:06:43',NULL,NULL,NULL,NULL,NULL,NULL,NULL,0,0),(105,'test_player_7','test_player_7@example.com','J]g9٭4	]g\00WO\\',NULL,NULL,NULL,NULL,NULL,NULL,'2016-01-05 17:06:43',NULL,NULL,NULL,NULL,NULL,NULL,NULL,0,0),(106,'test_player_8','test_player_8@example.com','?d\nE\\gMcuQ){TCE_ZLK#Ǔ',NULL,NULL,NULL,NULL,NULL,NULL,'2016-01-05 17:06:43',NULL,NULL,NULL,NULL,NULL,NULL,NULL,0,0),(107,'test_player_9','test_player_9@example.com','$N>W|obZ~\"Jm3ܺT',NULL,NULL,NULL,NULL,NULL,NULL,'2016-01-05 17:06:43',NULL,NULL,NULL,NULL,NULL,NULL,NULL,0,0);
/*!40000 ALTER TABLE `player` ENABLE KEYS */;
UNLOCK TABLES;

--
-- Table structure for table `report`
--

DROP TABLE IF EXISTS `report`;
/*!40101 SET @saved_cs_client     = @@character_set_client */;
/*!40101 SET character_set_client = utf8 */;
CREATE TABLE `report` (
  `game_id` int(11) NOT NULL,
  `player_id` int(11) NOT NULL,
  `ticket_id` int(11) NOT NULL,
  `created` datetime NOT NULL,
  `modified` datetime DEFAULT NULL,
  `result` enum('won','lost','draw') NOT NULL,
  PRIMARY KEY (`game_id`,`player_id`,`ticket_id`),
  KEY `ix_report_game_id` (`game_id`),
  KEY `ix_report_player_id` (`player_id`),
  KEY `ix_report_ticket_id` (`ticket_id`),
  CONSTRAINT `report_ibfk_1` FOREIGN KEY (`game_id`) REFERENCES `game` (`id`),
  CONSTRAINT `report_ibfk_2` FOREIGN KEY (`player_id`) REFERENCES `player` (`id`),
  CONSTRAINT `report_ibfk_3` FOREIGN KEY (`ticket_id`) REFERENCES `ticket` (`id`)
) ENGINE=InnoDB DEFAULT CHARSET=utf8;
/*!40101 SET character_set_client = @saved_cs_client */;

--
-- Dumping data for table `report`
--

LOCK TABLES `report` WRITE;
/*!40000 ALTER TABLE `report` DISABLE KEYS */;
/*!40000 ALTER TABLE `report` ENABLE KEYS */;
UNLOCK TABLES;

--
-- Table structure for table `ticket`
--

DROP TABLE IF EXISTS `ticket`;
/*!40101 SET @saved_cs_client     = @@character_set_client */;
/*!40101 SET character_set_client = utf8 */;
CREATE TABLE `ticket` (
  `id` int(11) NOT NULL AUTO_INCREMENT,
  `open` tinyint(1) NOT NULL DEFAULT '0',
  `game_id` int(11) DEFAULT NULL,
  `type` enum('reports_mismatch') NOT NULL,
  PRIMARY KEY (`id`),
  KEY `game_id` (`game_id`),
  CONSTRAINT `ticket_ibfk_1` FOREIGN KEY (`game_id`) REFERENCES `game` (`id`)
) ENGINE=InnoDB DEFAULT CHARSET=utf8;
/*!40101 SET character_set_client = @saved_cs_client */;

--
-- Dumping data for table `ticket`
--

LOCK TABLES `ticket` WRITE;
/*!40000 ALTER TABLE `ticket` DISABLE KEYS */;
/*!40000 ALTER TABLE `ticket` ENABLE KEYS */;
UNLOCK TABLES;

--
-- Table structure for table `tournament`
--

DROP TABLE IF EXISTS `tournament`;
/*!40101 SET @saved_cs_client     = @@character_set_client */;
/*!40101 SET character_set_client = utf8 */;
CREATE TABLE `tournament` (
  `id` int(11) NOT NULL AUTO_INCREMENT,
  `payin` float NOT NULL,
  `payout` float NOT NULL,
  `aborted` tinyint(1) NOT NULL DEFAULT '0',
  `winner_id` int(11) DEFAULT NULL,
  `rounds_count` int(11) DEFAULT NULL,
  `open_date` datetime NOT NULL,
  `start_date` datetime NOT NULL,
  `finish_date` datetime NOT NULL,
  PRIMARY KEY (`id`),
  KEY `winner_id` (`winner_id`),
  CONSTRAINT `tournament_ibfk_1` FOREIGN KEY (`winner_id`) REFERENCES `player` (`id`)
) ENGINE=InnoDB AUTO_INCREMENT=26 DEFAULT CHARSET=utf8;
/*!40101 SET character_set_client = @saved_cs_client */;

--
-- Dumping data for table `tournament`
--

LOCK TABLES `tournament` WRITE;
/*!40000 ALTER TABLE `tournament` DISABLE KEYS */;
INSERT INTO `tournament` VALUES (1,1,2,0,NULL,1,'2016-01-05 02:19:40','2016-01-05 07:12:11','2016-01-05 07:13:51'),(2,1,2,0,NULL,1,'2016-01-05 17:06:36','2016-01-05 18:06:36','2016-01-05 19:06:36'),(3,2,4,0,NULL,1,'2016-01-05 17:06:36','2016-01-05 18:06:36','2016-01-05 19:06:36'),(4,3,6,0,NULL,1,'2016-01-05 17:06:36','2016-01-05 18:06:36','2016-01-05 19:06:36'),(5,4,8,0,NULL,1,'2016-01-05 17:06:36','2016-01-05 18:06:36','2016-01-05 19:06:36'),(6,1,4,0,NULL,2,'2016-01-05 17:06:36','2016-01-05 18:06:36','2016-01-05 19:06:36'),(7,2,8,0,NULL,2,'2016-01-05 17:06:36','2016-01-05 18:06:36','2016-01-05 19:06:36'),(8,3,12,0,NULL,2,'2016-01-05 17:06:36','2016-01-05 18:06:36','2016-01-05 19:06:36'),(9,4,16,0,NULL,2,'2016-01-05 17:06:36','2016-01-05 18:06:36','2016-01-05 19:06:36'),(10,1,8,0,NULL,3,'2016-01-05 17:06:36','2016-01-05 18:06:36','2016-01-05 19:06:36'),(11,2,16,0,NULL,3,'2016-01-05 17:06:36','2016-01-05 18:06:36','2016-01-05 19:06:36'),(12,3,24,0,NULL,3,'2016-01-05 17:06:36','2016-01-05 18:06:36','2016-01-05 19:06:36'),(13,4,32,0,NULL,3,'2016-01-05 17:06:36','2016-01-05 18:06:36','2016-01-05 19:06:36'),(14,1,2,0,NULL,1,'2016-01-05 18:06:36','2016-01-05 19:06:36','2016-01-05 20:06:36'),(15,2,4,0,NULL,1,'2016-01-05 18:06:36','2016-01-05 19:06:36','2016-01-05 20:06:36'),(16,3,6,0,NULL,1,'2016-01-05 18:06:36','2016-01-05 19:06:36','2016-01-05 20:06:36'),(17,4,8,0,NULL,1,'2016-01-05 18:06:36','2016-01-05 19:06:36','2016-01-05 20:06:36'),(18,1,4,0,NULL,2,'2016-01-05 18:06:36','2016-01-05 19:06:36','2016-01-05 20:06:36'),(19,2,8,0,NULL,2,'2016-01-05 18:06:36','2016-01-05 19:06:36','2016-01-05 20:06:36'),(20,3,12,0,NULL,2,'2016-01-05 18:06:36','2016-01-05 19:06:36','2016-01-05 20:06:36'),(21,4,16,0,NULL,2,'2016-01-05 18:06:36','2016-01-05 19:06:36','2016-01-05 20:06:36'),(22,1,8,0,NULL,3,'2016-01-05 18:06:36','2016-01-05 19:06:36','2016-01-05 20:06:36'),(23,2,16,0,NULL,3,'2016-01-05 18:06:36','2016-01-05 19:06:36','2016-01-05 20:06:36'),(24,3,24,0,NULL,3,'2016-01-05 18:06:36','2016-01-05 19:06:36','2016-01-05 20:06:36'),(25,4,32,0,NULL,3,'2016-01-05 18:06:36','2016-01-05 19:06:36','2016-01-05 20:06:36');
/*!40000 ALTER TABLE `tournament` ENABLE KEYS */;
UNLOCK TABLES;

--
-- Table structure for table `transaction`
--

DROP TABLE IF EXISTS `transaction`;
/*!40101 SET @saved_cs_client     = @@character_set_client */;
/*!40101 SET character_set_client = utf8 */;
CREATE TABLE `transaction` (
  `id` int(11) NOT NULL AUTO_INCREMENT,
  `player_id` int(11) DEFAULT NULL,
  `date` datetime DEFAULT NULL,
  `type` enum('deposit','withdraw','won','lost','other') NOT NULL,
  `sum` float NOT NULL,
  `balance` float NOT NULL,
  `game_id` int(11) DEFAULT NULL,
  `comment` text,
  PRIMARY KEY (`id`),
  KEY `game_id` (`game_id`),
  KEY `ix_transaction_player_id` (`player_id`),
  CONSTRAINT `transaction_ibfk_1` FOREIGN KEY (`player_id`) REFERENCES `player` (`id`),
  CONSTRAINT `transaction_ibfk_2` FOREIGN KEY (`game_id`) REFERENCES `game` (`id`)
) ENGINE=InnoDB AUTO_INCREMENT=37 DEFAULT CHARSET=utf8;
/*!40101 SET character_set_client = @saved_cs_client */;

--
-- Dumping data for table `transaction`
--

LOCK TABLES `transaction` WRITE;
/*!40000 ALTER TABLE `transaction` DISABLE KEYS */;
INSERT INTO `transaction` VALUES (2,30,'2015-08-28 20:59:29','other',963,963,NULL,'Balance before transactions were implemented'),(3,31,'2015-08-28 20:59:29','other',901,901,NULL,'Balance before transactions were implemented'),(4,32,'2015-08-28 20:59:29','other',160,160,NULL,'Balance before transactions were implemented'),(5,33,'2015-08-28 20:59:29','other',200,200,NULL,'Balance before transactions were implemented'),(6,60,'2015-10-01 13:33:02','other',500,500,NULL,'Manually added'),(7,30,'2015-10-01 18:58:30','won',1,964,NULL,NULL),(8,31,'2015-10-01 18:58:30','lost',-1,900,108,NULL),(9,30,'2015-10-01 19:04:35','won',1,965,108,NULL),(10,31,'2015-10-01 19:04:35','lost',-1,899,108,NULL),(11,30,'2015-10-01 20:20:03','won',1,966,111,NULL),(12,31,'2015-10-01 20:20:03','lost',-1,898,111,NULL),(13,35,'2015-11-06 10:57:53','other',100,100,NULL,'Manually added'),(14,36,'2015-11-10 11:06:00','other',0,0,NULL,'Enabled debugging'),(15,36,'2015-11-10 19:00:53','deposit',100,100,NULL,'Debugging income'),(16,30,'2015-11-10 19:16:40','deposit',100,1066,NULL,'Debugging income'),(17,30,'2015-11-12 00:58:51','won',19,1085,167,NULL),(18,31,'2015-11-12 00:58:51','lost',-19,879,167,NULL),(19,30,'2015-11-12 19:27:27','won',67,1152,174,NULL),(20,31,'2015-11-12 19:27:27','lost',-67,812,174,NULL),(21,31,'2015-11-12 20:23:29','won',38,850,176,NULL),(22,30,'2015-11-12 20:23:29','lost',-38,1114,176,NULL),(23,30,'2015-11-24 21:20:33','won',10,1124,188,NULL),(24,31,'2015-11-24 21:20:33','lost',-10,840,188,NULL),(25,31,'2015-11-26 17:53:56','won',97,937,192,NULL),(26,30,'2015-11-26 17:53:56','lost',-97,1027,192,NULL),(27,31,'2015-11-26 18:14:49','won',16,953,194,NULL),(28,30,'2015-11-26 18:14:49','lost',-16,1011,194,NULL),(29,31,'2015-11-26 18:32:28','won',65,1018,195,NULL),(30,30,'2015-11-26 18:32:28','lost',-65,946,195,NULL),(31,31,'2015-11-26 18:48:52','won',52,1070,196,NULL),(32,30,'2015-11-26 18:48:52','lost',-52,894,196,NULL),(33,30,'2015-11-26 19:06:52','won',1,895,197,NULL),(34,31,'2015-11-26 19:06:52','lost',-1,1069,197,NULL),(35,31,'2015-12-15 20:05:35','won',1,1070,223,NULL),(36,30,'2015-12-15 20:05:35','lost',-1,894,223,NULL);
/*!40000 ALTER TABLE `transaction` ENABLE KEYS */;
UNLOCK TABLES;

--
-- Dumping routines for database 'betg'
--
/*!40103 SET TIME_ZONE=@OLD_TIME_ZONE */;

/*!40101 SET SQL_MODE=@OLD_SQL_MODE */;
/*!40014 SET FOREIGN_KEY_CHECKS=@OLD_FOREIGN_KEY_CHECKS */;
/*!40014 SET UNIQUE_CHECKS=@OLD_UNIQUE_CHECKS */;
/*!40101 SET CHARACTER_SET_CLIENT=@OLD_CHARACTER_SET_CLIENT */;
/*!40101 SET CHARACTER_SET_RESULTS=@OLD_CHARACTER_SET_RESULTS */;
/*!40101 SET COLLATION_CONNECTION=@OLD_COLLATION_CONNECTION */;
/*!40111 SET SQL_NOTES=@OLD_SQL_NOTES */;

-- Dump completed on 2016-01-06 23:56:50
